datetime,CONTESTANT_A_robot,CONTESTANT_A_sloth-1,CONTESTANT_A_sloth-2,CONTESTANT_A_sloth-3,CONTESTANT_A_sloth-4,CONTESTANT_A_snail-1,CONTESTANT_A_snail-2,CONTESTANT_A_snail-3,CONTESTANT_A_snail-4,CONTESTANT_A_rabbit-1,CONTESTANT_A_rabbit-2,CONTESTANT_A_turtle,CONTESTANT_A_koala,CONTESTANT_A_meerkat-10,CONTESTANT_A_meerkat-20,CONTESTANT_A_meerkat-30,CONTESTANT_A_meerkat-40,CONTESTANT_A_meerkat-50,CONTESTANT_A_meerkat-60,CONTESTANT_A_meerkat-70,CONTESTANT_A_meerkat-80,CONTESTANT_A_meerkat-90,CONTESTANT_A_eagle-5-1,CONTESTANT_A_eagle-11-2,CONTESTANT_A_eagle-44-6,CONTESTANT_A_eagle-66-9,CONTESTANT_A_eagle-88-12,CONTESTANT_A_whale-shark,CONTESTANT_B_robot,CONTESTANT_B_sloth-1,CONTESTANT_B_sloth-2,CONTESTANT_B_sloth-3,CONTESTANT_B_sloth-4,CONTESTANT_B_snail-1,CONTESTANT_B_snail-2,CONTESTANT_B_snail-3,CONTESTANT_B_snail-4,CONTESTANT_B_rabbit-1,CONTESTANT_B_rabbit-2,CONTESTANT_B_turtle,CONTESTANT_B_koala,CONTESTANT_B_meerkat-10,CONTESTANT_B_meerkat-20,CONTESTANT_B_meerkat-30,CONTESTANT_B_meerkat-40,CONTESTANT_B_meerkat-50,CONTESTANT_B_meerkat-60,CONTESTANT_B_meerkat-70,CONTESTANT_B_meerkat-80,CONTESTANT_B_meerkat-90,CONTESTANT_B_eagle-5-1,CONTESTANT_B_eagle-11-2,CONTESTANT_B_eagle-44-6,CONTESTANT_B_eagle-66-9,CONTESTANT_B_eagle-88-12,CONTESTANT_B_whale-shark,CONTESTANT_C_robot,CONTESTANT_C_sloth-1,CONTESTANT_C_sloth-2,CONTESTANT_C_sloth-3,CONTESTANT_C_sloth-4,CONTESTANT_C_snail-1,CONTESTANT_C_snail-2,CONTESTANT_C_snail-3,CONTESTANT_C_snail-4,CONTESTANT_C_rabbit-1,CONTESTANT_C_rabbit-2,CONTESTANT_C_turtle,CONTESTANT_C_koala,CONTESTANT_C_meerkat-10,CONTESTANT_C_meerkat-20,CONTESTANT_C_meerkat-30,CONTESTANT_C_meerkat-40,CONTESTANT_C_meerkat-50,CONTESTANT_C_meerkat-60,CONTESTANT_C_meerkat-70,CONTESTANT_C_meerkat-80,CONTESTANT_C_meerkat-90,CONTESTANT_C_eagle-5-1,CONTESTANT_C_eagle-11-2,CONTESTANT_C_eagle-44-6,CONTESTANT_C_eagle-66-9,CONTESTANT_C_eagle-88-12,CONTESTANT_C_whale-shark,CONTESTANT_D_robot,CONTESTANT_D_sloth-1,CONTESTANT_D_sloth-2,CONTESTANT_D_sloth-3,CONTESTANT_D_sloth-4,CONTESTANT_D_snail-1,CONTESTANT_D_snail-2,CONTESTANT_D_snail-3,CONTESTANT_D_snail-4,CONTESTANT_D_rabbit-1,CONTESTANT_D_rabbit-2,CONTESTANT_D_turtle,CONTESTANT_D_koala,CONTESTANT_D_meerkat-10,CONTESTANT_D_meerkat-20,CONTESTANT_D_meerkat-30,CONTESTANT_D_meerkat-40,CONTESTANT_D_meerkat-50,CONTESTANT_D_meerkat-60,CONTESTANT_D_meerkat-70,CONTESTANT_D_meerkat-80,CONTESTANT_D_meerkat-90,CONTESTANT_D_eagle-5-1,CONTESTANT_D_eagle-11-2,CONTESTANT_D_eagle-44-6,CONTESTANT_D_eagle-66-9,CONTESTANT_D_eagle-88-12,CONTESTANT_D_whale-shark,CONTESTANT_E_robot,CONTESTANT_E_sloth-1,CONTESTANT_E_sloth-2,CONTESTANT_E_sloth-3,CONTESTANT_E_sloth-4,CONTESTANT_E_snail-1,CONTESTANT_E_snail-2,CONTESTANT_E_snail-3,CONTESTANT_E_snail-4,CONTESTANT_E_rabbit-1,CONTESTANT_E_rabbit-2,CONTESTANT_E_turtle,CONTESTANT_E_koala,CONTESTANT_E_meerkat-10,CONTESTANT_E_meerkat-20,CONTESTANT_E_meerkat-30,CONTESTANT_E_meerkat-40,CONTESTANT_E_meerkat-50,CONTESTANT_E_meerkat-60,CONTESTANT_E_meerkat-70,CONTESTANT_E_meerkat-80,CONTESTANT_E_meerkat-90,CONTESTANT_E_eagle-5-1,CONTESTANT_E_eagle-11-2,CONTESTANT_E_eagle-44-6,CONTESTANT_E_eagle-66-9,CONTESTANT_E_eagle-88-12,CONTESTANT_E_whale-shark,CONTESTANT_F_robot,CONTESTANT_F_sloth-1,CONTESTANT_F_sloth-2,CONTESTANT_F_sloth-3,CONTESTANT_F_sloth-4,CONTESTANT_F_snail-1,CONTESTANT_F_snail-2,CONTESTANT_F_snail-3,CONTESTANT_F_snail-4,CONTESTANT_F_rabbit-1,CONTESTANT_F_rabbit-2,CONTESTANT_F_turtle,CONTESTANT_F_koala,CONTESTANT_F_meerkat-10,CONTESTANT_F_meerkat-20,CONTESTANT_F_meerkat-30,CONTESTANT_F_meerkat-40,CONTESTANT_F_meerkat-50,CONTESTANT_F_meerkat-60,CONTESTANT_F_meerkat-70,CONTESTANT_F_meerkat-80,CONTESTANT_F_meerkat-90,CONTESTANT_F_eagle-5-1,CONTESTANT_F_eagle-11-2,CONTESTANT_F_eagle-44-6,CONTESTANT_F_eagle-66-9,CONTESTANT_F_eagle-88-12,CONTESTANT_F_whale-shark,BENCHMARK_taotie
2026-07-03,1.0,1.0,1.0,1.0,1.0,1.0,1.0,1.0,1.0,1.0,1.0,1.0,1.0,1.0,1.0,1.0,1.0,1.0,1.0,1.0,1.0,1.0,1.0,1.0,1.0,1.0,1.0,1.0,1.0,1.0,1.0,1.0,1.0,1.0,1.0,1.0,1.0,1.0,1.0,1.0,1.0,1.0,1.0,1.0,1.0,1.0,1.0,1.0,1.0,1.0,1.0,1.0,1.0,1.0,1.0,1.0,1.0,1.0,1.0,1.0,1.0,1.0,1.0,1.0,1.0,1.0,1.0,1.0,1.0,1.0,1.0,1.0,1.0,1.0,1.0,1.0,1.0,1.0,1.0,1.0,1.0,1.0,1.0,1.0,1.0,1.0,1.0,1.0,1.0,1.0,1.0,1.0,1.0,1.0,1.0,1.0,1.0,1.0,1.0,1.0,1.0,1.0,1.0,1.0,1.0,1.0,1.0,1.0,1.0,1.0,1.0,1.0,1.0,1.0,1.0,1.0,1.0,1.0,1.0,1.0,1.0,1.0,1.0,1.0,1.0,1.0,1.0,1.0,1.0,1.0,1.0,1.0,1.0,1.0,1.0,1.0,1.0,1.0,1.0,1.0,1.0,1.0,1.0,1.0,1.0,1.0,1.0,1.0,1.0,1.0,1.0,1.0,1.0,1.0,1.0,1.0,1.0,1.0,1.0,1.0,1.0,1.0,1.0,1.0,1.0,1.0,1.0,1.0,1.0
2026-07-06,1.0026226397563476,1.0,1.0,1.0,1.0,1.0026226397563476,1.0026226397563476,1.0026226397563476,1.0026226397563476,1.0026226397563476,1.0026226397563476,1.0026226397563476,0.9895952706927448,1.0001331439182517,1.0119485153369505,1.0128081991607842,1.0137091900279454,1.0050393890719034,1.0065276066530973,1.0026082155515377,0.9932222478774457,1.0040114304647978,1.005438090559813,1.0097832707139225,1.0058805149075984,1.0085360037212086,1.0099600001832527,1.0093380011715174,1.0127177255628494,1.0,1.0,1.0,1.0,1.0127177255628494,1.0127177255628494,1.0127177255628494,1.0127177255628494,1.0127177255628494,1.0127177255628494,1.0127177255628494,0.9888382857473391,1.0126639450039234,1.0071371629180015,1.0081209778398696,1.0138797169656002,1.0078245822298737,1.003731902916727,1.0082053815194698,0.9984379462984815,0.9862871257668349,1.0167572584510889,1.0120628505337093,1.0099453826481406,1.008220004005381,1.0094560045459704,1.0089480018060248,1.0101572141015913,1.0,1.0,1.0,1.0,1.0101572141015913,1.0101572141015913,1.0101572141015913,1.0101572141015913,1.0101572141015913,1.0101572141015913,1.0101572141015913,0.9958329316184334,1.0059941306066567,1.0094061204606442,1.0157529022963878,1.0110284959037414,1.0081395488404932,1.0064611891379234,1.0046035843463212,0.9890576646321173,1.004596094054346,1.005286868324582,1.0031215203370232,1.0066687334599502,1.0096640025852495,1.010470001672314,1.0094880011728007,1.005372919105949,1.0,1.0,1.0,1.0,1.005372919105949,1.005372919105949,1.005372919105949,1.005372919105949,1.005372919105949,1.005372919105949,1.005372919105949,0.9822009317737928,1.0149852209160533,1.0117512787530678,1.0148191413128396,1.011713152155189,0.999524665691148,1.0070389159503048,1.010818786818173,1.0002938246063393,0.9948075085744615,1.0017697670119359,1.0050225110574127,1.0083503343707425,1.00865600102834,1.0116959984775202,1.0092620010907436,0.9953886230348543,1.0,1.0,1.0,1.0,0.9953886230348543,0.9953886230348543,0.9953886230348543,0.9953886230348543,0.9953886230348543,0.9953886230348543,0.9953886230348543,1.0099422060475105,0.9983410595342239,1.0110872007339287,1.0033009845630774,1.0037509431378482,1.0039433440335908,1.0057472701630497,1.011175926114302,0.9940587128415829,1.0000610056168835,1.0030984537306917,1.005159764645904,1.00329624411902,1.005036001723958,1.0055920031553671,1.0067540026472421,1.0051476716003784,1.0,1.0,1.0,1.0,1.0051476716003784,1.0051476716003784,1.0051476716003784,1.0051476716003784,1.0051476716003784,1.0051476716003784,1.0051476716003784,1.008044549476021,0.9970984201438509,1.004286877928384,0.9967827462447113,1.0063465756499788,1.0122999187688826,1.0055262887934098,1.0083774328667532,1.0046640772732423,1.0101245048983103,0.996271303518863,1.003317827298195,1.0033410767368531,1.0033140027541836,1.0047780027255304,1.0067460014722387,1.0024219996653825
2026-07-07,0.9830186414523905,1.0,1.0,1.0,1.0,0.9830186414523905,0.9830186414523905,0.9830186414523905,0.9830186414523905,0.9830186414523905,0.9830186414523905,0.9830186414523905,0.968341278441271,0.978665155180103,0.9943525158622926,1.000474194887487,1.0014451875113481,0.9922274023884808,1.0011256067750456,0.9814381876325415,0.9774522465581614,0.9834694367651774,0.9815620818525779,0.9923092802196563,0.9890205220429605,0.9933640052545478,0.9963180036799181,0.9971800016030804,0.9938177366107785,1.0,1.0,1.0,1.0,0.9938177366107785,0.9938177366107785,0.9938177366107785,0.9938177366107785,0.9938177366107785,0.9938177366107785,0.9938177366107785,0.9667702810105581,1.0018559488677246,0.9927571556957506,0.9937649783921836,1.0012957235712234,0.9909005740379596,0.9905379089938368,0.9938273722308256,0.9712399334045042,0.9753811254489766,0.9933612646263793,0.9912048584314251,0.9950273856414362,0.9943740062958566,0.9959740071170532,0.9971620023200619,0.9885172054522892,1.0,1.0,1.0,1.0,0.9885172054522892,0.9885172054522892,0.9885172054522892,0.9885172054522892,0.9885172054522892,0.9885172054522892,0.9885172054522892,0.9678389357790884,0.9873721304382932,0.9914621380745557,1.0026049043684324,1.0039465123438722,0.9989175362861619,0.992707197904177,0.9893955695223245,0.972703629443569,0.9878721167657846,0.990988832229513,0.9852515157516172,0.9891547375259998,0.9931820054883045,0.9963820063302089,0.9979460003882117,0.9894949152726316,1.0,1.0,1.0,1.0,0.9894949152726316,0.9894949152726316,0.9894949152726316,0.9894949152726316,0.9894949152726316,0.9894949152726316,0.9894949152726316,0.95614493374113,0.9969332266574978,1.005395276703246,1.0049531401513108,1.002315170654831,0.9851266602959887,0.9930249186463525,0.9880447908897615,0.979183809624108,0.9686835095779128,0.9814997786781049,0.9920485193871512,0.9953183367326023,0.9972399997227562,1.0010740037059258,0.9983400001224615,0.9823186152286861,1.0,1.0,1.0,1.0,0.9823186152286861,0.9823186152286861,0.9823186152286861,0.9823186152286861,0.9823186152286861,0.9823186152286861,0.9823186152286861,0.9881662034450832,0.9870530758346867,1.0038771902666825,0.9865609891325547,0.9874269373550052,0.9893953396932785,0.9920892783583585,0.9904399244243569,0.9801727097767435,0.978513004457504,0.9917344485635083,0.9861977666497059,0.9893302453458387,0.9910720030075989,0.9914580026132425,0.9929880019113778,0.9946716711844307,1.0,1.0,1.0,1.0,0.9946716711844307,0.9946716711844307,0.9946716711844307,0.9946716711844307,0.9946716711844307,0.9946716711844307,0.9946716711844307,0.9880325271082595,0.9805044321238136,0.9825348766536667,0.9883167474560484,0.9895765704130794,1.0042579332215156,0.9871182869345004,0.9943774345138426,0.9846540803488422,0.9879284891282724,1.0010612998943398,0.9960278240834888,0.9860030766087089,0.9867500080145105,0.9904960030971104,0.993222001403129,0.9960559980317373
2026-07-08,0.9743326375799348,1.0,1.0,1.0,1.0,0.9743326375799348,0.9743326375799348,0.9743326375799348,0.9743326375799348,0.9743326375799348,0.9743326375799348,0.9743326375799348,0.9561972729564698,0.9649991439756803,0.9927685287986656,0.9973262050104327,0.996209184943582,0.984039398952986,0.9992076088910228,0.980834209788625,0.9590942495326965,0.9752774371179659,0.9819461087247645,0.9858712925292847,0.9833625167274843,0.9897100072758799,0.9936800038578247,0.9948680024090386,0.979971742032075,1.0,1.0,1.0,1.0,0.979971742032075,0.979971742032075,0.979971742032075,0.979971742032075,0.979971742032075,0.979971742032075,0.979971742032075,0.9545242862274114,1.0029819513068419,0.9951331587728338,0.9938269849835744,0.9928357134069369,0.9897645736982971,0.9846879109434479,0.985237384490164,0.964971951729947,0.956597136870252,0.9821092551914496,0.9713748546535173,0.9910693877860806,0.9927400095065347,0.9949720055949661,0.9958700029406189,0.9773992209630462,1.0,1.0,1.0,1.0,0.9773992209630462,0.9773992209630462,0.9773992209630462,0.9773992209630462,0.9773992209630462,0.9773992209630462,0.9773992209630462,0.9537789446552093,0.9817581437471764,0.9818121260981253,1.0055048972977234,0.9965545154331099,1.002387530793732,0.9890691808176298,0.976353587629234,0.9632876519554093,0.9859461162111686,0.9730668499114451,0.9737255205629636,0.9838307364081139,0.9898340048348669,0.9945840054229198,0.997264001414816,0.9817449036380756,1.0,1.0,1.0,1.0,0.9817449036380756,0.9817449036380756,0.9817449036380756,0.9817449036380756,0.9817449036380756,0.9817449036380756,0.9817449036380756,0.9366769388925484,0.9886792295515989,1.0101032834599688,0.9954991638550305,1.0002311465496012,0.9854586672422111,0.9884069180574897,0.9794447920873163,0.9770298230086643,0.952977530055838,0.9791197649685786,0.9973225089289136,0.9938563363637489,0.9963920037191023,0.9993040023797521,0.997312000659815,0.973294613413643,1.0,1.0,1.0,1.0,0.973294613413643,0.973294613413643,0.973294613413643,0.973294613413643,0.973294613413643,0.973294613413643,0.973294613413643,0.9785182115178558,0.9743550868933313,1.0141111904590814,0.9762029797079894,0.9801249314913427,0.984135353056074,0.9783172839985718,0.9832479256406012,0.9757727316557078,0.9723310026802963,0.9958764299160454,0.9836357468015368,0.9872602457334441,0.9886560004055978,0.9895140012288288,0.9917640032509746,0.9916196655896263,1.0,1.0,1.0,1.0,0.9916196655896263,0.9916196655896263,0.9916196655896263,0.9916196655896263,0.9916196655896263,0.9916196655896263,0.9916196655896263,0.9799265396510015,0.9744204315353812,0.979406882234934,0.9880427485941684,0.9861785572963021,0.9986939317630046,0.9815362921799058,0.9914454394184687,0.9737640956695849,0.9750244910817247,1.0152053007698885,0.993785817257979,0.9810770780053109,0.9833300065590664,0.9871500004769527,0.9914840012356899,0.996090000716458
2026-07-09,0.9792646484843056,1.0,1.0,1.0,1.0,0.9792646484843056,0.9792646484843056,0.9792646484843056,0.9792646484843056,0.9792646484843056,0.9792646484843056,0.9792646484843056,0.9754732754715525,0.9645431423160961,0.9875705203037383,0.9965061806047766,0.9899571819416053,0.9817474005739628,1.0033915989673028,0.9815981971844254,0.9630982422590293,0.9863754377142463,0.9869000874940269,0.9899413009802359,0.9800565218482203,0.9869300041729125,0.9901959990977116,0.9912119987862836,0.9748037404598977,1.0,1.0,1.0,1.0,0.9748037404598977,0.9748037404598977,0.9748037404598977,0.9748037404598977,0.9748037404598977,0.9748037404598977,0.9748037404598977,0.9772382818134062,1.00012795740548,0.9878291492939023,0.9975469802106135,0.9941117066227031,0.990652572565946,0.9785299002347905,0.9834553766605392,0.9706059413326367,0.9776911283660255,0.9700052589899921,0.9633248580226896,0.9857533861172175,0.9879580050561948,0.9906720053540621,0.9919339995745291,0.9757112240731062,1.0,1.0,1.0,1.0,0.9757112240731062,0.9757112240731062,0.9757112240731062,0.9757112240731062,0.9757112240731062,0.9757112240731062,0.9757112240731062,0.9574489317740216,0.983370134783189,0.9795441063807441,0.9979849029543756,0.9943625047397138,1.0033835268654177,0.985235186814916,0.9855835754042871,0.9704956492553359,1.001006117495698,0.9803328778711187,0.9728295310862504,0.9817187310086883,0.9855880006291661,0.9899860007106527,0.9932699961759466,0.9826389116579313,1.0,1.0,1.0,1.0,0.9826389116579313,0.9826389116579313,0.9826389116579313,0.9826389116579313,0.9826389116579313,0.9826389116579313,0.9826389116579313,0.9472869257660257,0.9841172253263403,1.0058572742957086,0.9900751453271361,1.0066491477723982,0.9864086586265992,0.9853909114077837,0.9772927941599407,0.9931038179019025,0.9608655216398437,0.9774157726381416,0.9984505096717773,0.9923123355198751,0.994189999419736,0.9948519979027661,0.9936279956091258,0.9747766234697255,1.0,1.0,1.0,1.0,0.9747766234697255,0.9747766234697255,0.9747766234697255,0.9747766234697255,0.9747766234697255,0.9747766234697255,0.9747766234697255,0.981262194762479,0.9784390686477726,1.0201291853988,0.9802649835627661,0.9752409449747033,0.9900313448532932,0.9797252701541307,0.9810199191068931,0.9790847119429571,0.9791670002559926,0.9997844818429411,0.9839937712751506,0.9868162416372533,0.9901940004717985,0.987052000277291,0.989962000983351,0.9976176733897805,1.0,1.0,1.0,1.0,0.9976176733897805,0.9976176733897805,0.9976176733897805,0.9976176733897805,0.9976176733897805,0.9976176733897805,0.9976176733897805,0.9865805233172937,0.9851404380204,0.9756048827934751,0.9937167438005499,0.978792570572894,0.9906739371172006,0.9950242714663171,0.9907014374548763,0.9687620734559054,0.9815924931262953,1.0257952875374219,0.9950658254735273,0.9817290864328467,0.9856780110836872,0.9847000056359598,0.9897060004028703,0.9945459982594823
2026-07-10,0.9885766443544312,1.0,1.0,1.0,1.0,0.9885766443544312,0.9885766443544312,0.9885766443544312,0.9885766443544312,0.9885766443544312,0.9885766443544312,0.9885766443544312,0.963431279800985,0.9713551478369303,0.9834725102946865,1.0008361934325265,0.9978331906059933,0.9830934050629581,1.0086376003457105,0.9912401919239763,0.9605882441129887,0.9895654516530421,1.0039281119064394,1.006131286575006,0.9911485202437292,0.9918960013548879,0.9945839998732943,0.99689599978877,0.9740617417780754,1.0,1.0,1.0,1.0,0.9740617417780754,0.9740617417780754,0.9740617417780754,0.9740617417780754,0.9740617417780754,0.9740617417780754,0.9740617417780754,0.9705382790987427,1.0052279418009384,0.9939971579240937,0.994588982079701,0.9978957180832505,0.9947965682522097,0.9846939175166786,0.9967413651854212,0.9805579471990902,0.9691591312806677,0.9904652656903215,0.9524808545678186,0.9905693806133309,0.9915100052322617,0.9937680034735833,0.9961060029612719,0.9836492172083522,1.0,1.0,1.0,1.0,0.9836492172083522,0.9836492172083522,0.9836492172083522,0.9836492172083522,0.9836492172083522,0.9836492172083522,0.9836492172083522,0.9657329434074199,0.9788661520599119,0.9825021210393698,1.002972902153888,0.9949665117720128,1.0060215215797348,0.9898211885998631,0.9872095859533566,0.9755596311763547,1.00596612009449,0.9690728506189373,0.9794035200985086,0.9870187364081923,0.9890460063366446,0.9939160046090907,0.9981699997762365,0.9872389019193278,1.0,1.0,1.0,1.0,0.9872389019193278,0.9872389019193278,0.9872389019193278,0.9872389019193278,0.9872389019193278,0.9872389019193278,0.9872389019193278,0.9632449345148665,0.9717872236297265,1.0125532830225565,0.998781148105164,1.0035591467997464,0.9951526648693255,0.991804920326858,0.9845707810634851,0.9911098246010028,0.9641495215241871,0.9933957421217455,1.0098905020735347,0.9900443331386286,0.9940660014983577,0.9965979999889595,0.9979659998974046,0.9809146149008436,1.0,1.0,1.0,1.0,0.9809146149008436,0.9809146149008436,0.9809146149008436,0.9809146149008436,0.9809146149008436,0.9809146149008436,0.9809146149008436,0.9948901971471943,0.9776490645487765,1.0314211889006801,0.9668069860162511,0.9711069320080475,0.9990753566510098,0.9841292758206879,0.9804039241249034,0.9814507122417936,0.9814930099023983,0.9973264353490688,0.9920237549242501,0.992856237832655,0.9940039959703011,0.988189996834605,0.9932839996536854,0.9995716762707492,1.0,1.0,1.0,1.0,0.9995716762707492,0.9995716762707492,0.9995716762707492,0.9995716762707492,0.9995716762707492,0.9995716762707492,0.9995716762707492,0.9920785249014252,0.9856784302198873,0.980018859964476,0.9877887511882515,0.9927765733789317,0.9982859226104099,0.9878442908058971,1.000677442920913,0.9771160917687408,0.9795984946378318,1.0296152942603622,1.0019058332334894,0.9865750768683759,0.9869040020982809,0.9873819999854343,0.9935639994018134,0.9965999984535959
2026-07-13,0.958746104165399,0.9734415984201775,1.0,1.0,1.0,0.9619686452927328,0.9619686452927328,0.9619686452927328,0.9619686452927328,0.9681238393894557,0.9800285470904545,0.96057976909415,0.9288000061505015,0.9522110999151477,0.9853122135609421,0.9926772327584817,0.9978831674550981,0.972935741835147,0.990274104858777,0.9754403975734554,0.9409149052786063,0.9705277782128061,0.9610333288261399,0.9827346580912661,0.9736020213653335,0.9831008662224744,0.989773431187348,0.9888884953289757,0.9555087271700121,0.9883101188666374,1.0,1.0,1.0,0.9600177349404079,0.9600177349404079,0.9600177349404079,0.9600177349404079,0.9598777055168226,0.9653336179754682,0.9570381597748198,0.9338734645477375,1.0009916589282175,0.9877701137769581,0.9935520068365602,0.9860751927458954,0.981257131075992,0.9715092028496704,0.9875662506375292,0.9737331461653669,0.9349633722887369,0.96588566351784,0.9294310461950487,0.9763016733277539,0.9797262578916394,0.98843092707061,0.9880120215368448,0.9631301062471712,0.9869147108754925,1.0,1.0,1.0,0.9685372150022776,0.9685372150022776,0.9685372150022776,0.9685372150022776,0.9752535498543314,0.9750395904867162,0.9646950535207157,0.9409060485108312,0.9654870604018589,0.9675199316563204,0.9994982724446646,0.9917912576212439,1.006305273688497,0.971680621264829,0.9592666556069488,0.9626447700290609,0.9881896886299605,0.9584638907066051,0.9557857234704257,0.9707511128453862,0.9790641451973341,0.985118991464933,0.9914739158455922,0.965190213877605,0.9871800459187247,1.0,1.0,1.0,0.9708689122369616,0.9708689122369616,0.9708689122369616,0.9708689122369616,0.9782695195382605,0.9739705084227305,0.9674127354263743,0.9368570517625974,0.9663419184766492,1.0092496055994429,0.9971844959706441,1.0003878837106972,0.9789410343270536,0.9803238834612791,0.9695535827713014,0.9708086595505812,0.9405437061699464,0.971129671880015,0.9879741978419732,0.9807157949496396,0.9855661717090255,0.9884470441174584,0.9889978233377383,0.9585712044774599,0.9802092650667903,1.0,1.0,1.0,0.9563006165923743,0.9563006165923743,0.9563006165923743,0.9563006165923743,0.9626185147831283,0.9687376074890607,0.9557623239932784,0.9783364690105253,0.9536699954059247,1.0279808012247582,0.9478924235703583,0.964039235150776,0.9880181210459611,0.9740095642478922,0.9614759888640032,0.9596346687893185,0.9629768210812846,0.9850632796930163,0.9722897922966415,0.9742895014801957,0.9809550934568817,0.977670069852206,0.9866011793102002,0.9902884601759592,0.9895376196766327,1.0,1.0,1.0,0.9838896735941614,0.9838896735941614,0.9838896735941614,0.9838896735941614,0.9757956817819157,0.9803913830389902,0.987367726509552,0.9769065733500568,0.9693054621560151,0.970103778247656,0.9654814023421824,0.9816570990390336,0.9875288391291512,0.9776312260813425,0.9799861346860204,0.9532264340932175,0.9600304035782102,1.0282913812121057,0.9983409966771323,0.9702435558963894,0.9688256336070884,0.9767643445187524,0.9832263726933396,0.9922679990769357
2026-07-14,0.9893441134212729,0.9916236059518849,1.0,1.0,1.0,0.9778326523579977,0.9778326523579977,0.9778326523579977,0.9778326523579977,0.9906658363064003,0.996024540291925,0.9829937801213385,0.9446420044842939,0.9714471107669945,1.0055622125202301,1.0066412332147654,1.0079891421781237,0.9776317452478496,0.9975121189689503,0.9748124111853589,0.9606568928453334,0.9964477672370539,0.9881653556459064,1.0150586785727365,0.9973260291686392,1.0014088678824102,1.0023794267783608,0.9999084944070898,0.9917887457137219,1.0212261326350334,1.0,1.0,1.0,0.9916217481189279,0.9916217481189279,0.9916217481189279,0.9916217481189279,0.9852737035638321,0.9843056280690631,0.9916141755986615,0.9553794524405822,1.0160596603166838,1.0010681218981008,1.0067280006162451,1.0001491739569652,0.9936991271712251,0.9815811981117862,0.9974402601760598,0.9882731430766175,0.951671353230879,1.0097056713578858,0.9630270500879825,1.0008336804175235,0.9966522682464907,1.0028369288889296,0.9992680231097787,0.9917700976575469,1.014388707070138,1.0,1.0,1.0,0.9955032114741441,0.9955032114741441,0.9955032114741441,0.9955032114741441,0.9964575499712858,0.9892675772347774,0.9940210514183432,0.9547040493989917,0.9839890706745837,0.9837579238319794,1.0185802865807174,1.0106012640598556,1.0127512569354944,0.9799846095263821,0.9633826361859107,0.9786467739866209,1.0012256839814926,0.9912818772690092,0.9870296990889729,0.9908791107104533,0.9966181431166936,0.9997569953869525,1.003439910813485,0.9831382165820447,1.0024920418419212,1.0,1.0,1.0,0.9848809090040425,0.9848809090040425,0.9848809090040425,0.9848809090040425,0.9952655311370752,0.9903185211515706,0.9867167298062612,0.9393850477400245,0.978257913566567,1.0309076077302137,1.0166424884758247,1.0091358684992309,0.9942770324070305,0.9888198842446722,0.9807135979612568,0.9818906548019362,0.9522537032043402,1.0038516633688372,1.0121961962378598,0.9971837931964074,1.003224175686975,1.0032910391847845,1.0020438176437756,0.9817511964476499,0.9990832648434124,1.0,1.0,1.0,0.9736006156546066,0.9736006156546066,0.9736006156546066,0.9736006156546066,0.9850425004627964,0.9793576005395063,0.9753143152565865,0.9864664548969112,0.9718819858957408,1.0371068148959024,0.958388425796418,0.982547226297172,0.99115611616395,0.9928055624458139,0.9722799942018947,0.9769486572553187,0.9677968174844868,0.9924832786227747,0.9951497882810302,0.9879894987165486,0.9946250937390216,0.9898940712739346,0.9976651762158737,1.0063624635597905,1.0067656194613872,1.0,1.0,1.0,1.0006216719563092,1.0006216719563092,1.0006216719563092,1.0006216719563092,0.9893916860409709,0.9914333742277616,1.0053277234260418,0.9856785621680599,0.9832554584369652,0.9782537755562348,0.9731753887320373,0.9885291056594946,1.0029608374747305,0.9883212295352983,0.993958127862634,0.9730884294579485,0.9769023998081852,1.051457402484185,1.0189790062931772,0.982861555130177,0.9795336376020257,0.9861923452647353,0.9938103721411556,0.9983819982577685
2026-07-15,0.9840600941013514,0.9884475987384915,1.0,1.0,1.0,0.9758006454334961,0.9758006454334961,0.9758006454334961,0.9758006454334961,0.9904738334940364,1.0000385444297593,0.9803737654467868,0.9296440095894349,0.9753111112266944,1.0229001959088404,1.0284292264093593,1.0278731593078985,0.9929317560923213,1.0098041168328384,0.9745503979086317,0.9652848859166524,1.004207776397429,0.9926653369131243,1.0138126455086236,1.0037260191357684,1.011456864372844,1.0154394250335255,1.0123864929701987,0.9915407421653525,1.0272001370947426,1.0,1.0,1.0,0.9981317537120106,0.9981317537120106,0.9981317537120106,0.9981317537120106,0.9861497000630546,0.98817761693534,0.9952981753113225,0.949155460512414,1.0247416473596571,1.020194127003061,1.0186040039274353,1.0152171633469635,1.0093011395796,0.9902372085181638,1.0125662470071295,0.9901091420086932,0.9486233522047527,1.009747650264007,0.9588690502794719,1.006461678027907,1.0062942576257927,1.01488892421555,1.01194601943116,0.9983041176653005,1.0259767254483085,1.0,1.0,1.0,1.0077052289188217,1.0077052289188217,1.0077052289188217,1.0077052289188217,1.0001515507548915,0.9953615805438688,1.0022990631220752,0.9518920488284062,0.9962290966644621,0.9964779162236309,1.0351202717728771,1.0328572507111244,1.0339812531028216,0.9945806156352663,0.9783906412856731,0.9864287784879188,1.004963672694294,0.9966118607076883,0.9908817037175858,1.0021851164646545,1.0079421469990615,1.0110809907666463,1.0157419105332965,0.9852862223653666,1.0057300501481083,1.0,1.0,1.0,0.988836916650638,0.988836916650638,0.988836916650638,0.988836916650638,0.9945215142039268,0.9894525007645392,0.9903527414732658,0.9323490519876625,0.9836139168860636,1.043649607971078,1.0297024884184847,1.0213918585672452,1.0139450351984558,1.0072378698717774,0.9951496047068696,0.9964226670848622,0.9507717050970006,1.0178436992426234,1.021230208047969,1.0008437941977033,1.0090301747831119,1.0117870371377051,1.015565818049654,0.9906852143004865,1.002941275220851,1.0,1.0,1.0,0.9775546258392149,0.9775546258392149,0.9775546258392149,0.9775546258392149,0.9990705127395779,0.9973216007471597,0.9808283320884831,0.9945704515023549,0.9568479861931004,1.0432748022539418,0.964302430930317,1.0010532367195895,1.0027521236817,1.0066095498581198,0.9833399965091648,0.9929386617304757,0.972596816919314,1.009573289161052,1.0133558067195196,0.9950075052403993,1.0030930981394792,1.0022280782631665,1.0111591759339407,1.0167724711673898,1.0127816222403079,1.0,1.0,1.0,1.0064256756386782,1.0064256756386782,1.0064256756386782,1.0064256756386782,0.9940316904150185,1.0044773830466518,1.0143017423354566,0.9926405718148565,0.992949468805954,0.992635762821381,0.9793813844516884,1.0023631016811838,1.0139728359614553,0.9883692415625026,1.0032801385401091,0.9779024112840301,0.9791064043255849,1.0621994028717194,1.0312990063969876,0.9917675532457024,0.9885036348926114,0.997344341358683,1.0067563688289707,1.0045659986798887
2026-07-16,0.9663021037549068,0.9750615995090924,1.0,1.0,1.0,0.9632546460208115,0.9632546460208115,0.9632546460208115,0.9632546460208115,0.9779798355057798,0.986182544190438,0.9653417692371637,0.9215159996147918,0.9577591074246515,1.0167201964211863,1.0310452319450312,1.0203091591560862,0.9921597512917072,0.9943141122097601,0.9594984070328177,0.9622668910591905,0.9950057637735155,0.9766573457413504,0.9984786539306801,0.9933420230808476,1.0030748657887518,1.0099934239370372,1.0049764919455366,0.9747027358082921,1.0163061270972347,1.0,1.0,1.0,0.9874757434381237,0.9874757434381237,0.9874757434381237,0.9874757434381237,0.9738077022225862,0.9755556167144991,0.9816281689974167,0.9400754493164255,1.017905664041141,1.0072441158774812,1.0114340012705592,1.011105182422433,1.0048491299207931,0.9798132079935468,1.0136222584139924,0.9842471532516235,0.9372853382307024,0.9885196542175732,0.9406350414256094,0.9937396800133753,0.9971042618348659,1.005742926067802,1.002886019245198,0.984550104146645,1.0116887090352584,1.0,1.0,1.0,0.9944452122187689,0.9944452122187689,0.9944452122187689,0.9944452122187689,0.9911475437595211,0.9855315847362356,0.9854030511562041,0.956220047864816,0.9880130694220068,0.9829499164893005,1.0272342874818197,1.0307132686367033,1.0264392659899046,0.9872226227334571,0.9679126359667465,0.9746707742018685,1.0082856786369154,0.9727498693315098,0.9741457072557057,0.9957291096721228,0.9994981436980854,1.0029869854502944,1.0086179105525488,0.974790219594867,0.9955820421527716,1.0,1.0,1.0,0.9795349082169064,0.9795349082169064,0.9795349082169064,0.9795349082169064,0.9806915220095284,0.9753165074257861,0.9857767316703017,0.9276890409672272,0.9731739109590588,1.0333436126180549,1.019920491893178,1.0066958686598237,1.0056950440698138,1.0016838677004845,0.9926876054913617,0.9954426494944301,0.9445477034880385,1.0142616926709187,1.0123062024120173,0.9894457958531053,0.9978161752544473,1.001101035500379,1.0046858171192374,0.9860312079462232,0.9954492739202585,1.0,1.0,1.0,0.9703346250771406,0.9703346250771406,0.9703346250771406,0.9703346250771406,0.9953244970085388,0.9967455950758021,0.9739463251544285,0.9868464619218213,0.9383700156458026,1.0365388014698929,0.95693444013279,0.9982412230223036,0.9941961183129747,1.0027315488417903,0.9775819911919624,0.9811446577911549,0.9527408188554639,1.0107012566115563,0.9997677966026114,0.9887235019972572,0.9953130937404655,0.9957300736638949,1.0027791746421721,1.0123404548915145,1.0105336103072489,1.0,1.0,1.0,1.004405663910685,1.004405663910685,1.004405663910685,1.004405663910685,0.9894616667611662,0.998219373610851,1.0105377355512566,0.9807105694931681,0.9930314521152871,0.9868837763633653,0.9788253997623942,0.9898751045930845,1.0109808331926153,0.9814792218211982,0.993084134798807,0.9690064164267884,0.965604405347245,1.0694593985573577,1.0240450151083065,0.98738955232521,0.982559629754763,0.9933063434467939,0.9998203686776894,1.0004979980454043
2026-07-17,0.9408841009144896,0.9462395927116208,1.0,1.0,1.0,0.9357966397935085,0.9357966397935085,0.9357966397935085,0.9357966397935085,0.961941833436361,0.9786265465129095,0.9374657671555067,0.885830014474472,0.9378610965370882,1.0118942041005012,1.015489238357233,1.015299159212121,0.981953744004325,0.9775441225549256,0.9380164150300363,0.9439128941428014,0.9613257754811309,0.951133329290104,0.9811686575502349,0.9760420134000595,0.9927588592945253,1.0017274227555237,0.9977044917636412,0.9587607267585555,0.9982821163870603,1.0,1.0,1.0,0.9703477334118207,0.9703477334118207,0.9703477334118207,0.9703477334118207,0.9607816934404773,0.9685016137073617,0.9641581568403278,0.8996154662731828,1.0145536517065343,1.0018181097275958,1.0056340039194616,0.9940351680164435,0.9907651456873043,0.9664031990080585,0.9969222613510544,0.9597031582118597,0.8889993747238514,0.9606576429732739,0.9195110401463065,0.9813436650805168,0.9891122494182715,1.0011069179485053,0.9943700228933596,0.9642101134609193,0.9891767133455042,1.0,1.0,1.0,0.9735512174256568,0.9735512174256568,0.9735512174256568,0.9735512174256568,0.9820975509961389,0.9783295861014897,0.9625850552526017,0.9154400657379655,0.9738910728213204,0.9626419173893812,1.0170402638806075,1.0248312752127278,1.0207392625650755,0.9802626261953621,0.9438726457020784,0.9580567806047827,0.9795557038870304,0.9473938811850747,0.9471937095589492,0.9800051080278731,0.9892161385420133,0.9940769824582586,0.9999879114833207,0.9558302076821287,0.9730160432367537,1.0,1.0,1.0,0.9563349099846561,0.9563349099846561,0.9563349099846561,0.9563349099846561,0.9741855115570575,0.9677844962134288,0.9590587202789934,0.892861060353017,0.9657019121660968,1.0210935955088913,1.0169824865709398,0.9983538762567818,0.9912170423484611,0.9896938892892111,0.9785836119762779,0.9657146587262376,0.9183597163441877,0.9996296814419443,0.9972261975883172,0.9804517865760732,0.990082164962124,0.994553031475499,0.9965658200241757,0.968539196594552,0.9763752686975884,1.0,1.0,1.0,0.9517626197448571,0.9517626197448571,0.9517626197448571,0.9517626197448571,0.9751405052747066,0.9805195951390916,0.9536203226707967,0.9638144736103786,0.9247359810431485,1.021912809924083,0.9447384368452654,0.9827892300140944,0.9779621157425494,0.9810275509174999,0.9536800078937462,0.9618126685667192,0.936732831221001,1.0055952688863528,0.9843397801579289,0.9724614931028948,0.981841093891412,0.985332068391138,0.9943191779823619,0.9902104671033807,0.9846376253626746,1.0,1.0,1.0,0.9783576793386688,0.9783576793386688,0.9783576793386688,0.9783576793386688,0.9555396944915017,0.9780993883039331,0.98650973291253,0.9632845903379369,0.9662914670302325,0.9768217710145903,0.9666853885353486,0.9710310875477798,0.9944208359796227,0.9680472194452555,0.9748841409230533,0.9554484359529284,0.9407544282031147,1.0419333992533204,1.0021890018646173,0.9661755519241102,0.9637416395722461,0.9816363414131747,0.9887043694188878,0.9964719981278076
2026-07-20,0.9623938907804296,0.9690316124243847,1.016814200817735,1.0,1.0,0.9591155249131567,0.964100666699095,0.964100666699095,0.964100666699095,0.9621367744176991,0.9732671752651646,0.9605968564547617,0.895705830413623,0.9565737549472135,1.036269943726342,1.0298843038701169,1.0438461987450702,1.0021122631266397,1.0048388646480373,0.9625410196809022,0.9673011887795052,0.973577808288609,0.9639576516181345,1.0072325586275774,0.9878408468256978,1.005115481244615,1.0196654669282383,1.0186736084815267,0.9773492221566298,1.0248525806927293,1.02810157291623,1.0,1.0,0.996951014468825,1.008597737061454,1.008597737061454,1.008597737061454,0.9651969670181942,0.9561322516516999,0.9905639377976481,0.9078416073966347,1.0385214026953746,1.027706259797997,1.0239253915058375,1.016448929776626,1.017189420075312,0.99107615776711,1.0187242150457643,0.9769999326136517,0.8901761292466769,0.9796748797516096,0.9280460699844376,0.9937074065509642,1.0004296808610453,1.0166064522332687,1.0123773465245236,0.9824180747184954,1.0120391245497975,1.0205305949276657,1.0,1.0,0.9981993738527838,1.0055872194183473,1.0055872194183473,1.0055872194183473,0.9959394757114421,0.9929679769367094,0.9830386220397194,0.9394309192404996,0.9941624765854072,0.9711774281825049,1.0366503238701796,1.0574878074266845,1.0515356394906306,0.9997256585687729,0.9607501884849855,0.9711027645265217,1.010429157096455,0.9596574721870276,0.9597164110432976,0.9979595828576189,1.0084545338018895,1.013463368827709,1.0163369540918108,0.9496996725988429,0.972073882906211,1.004933023001406,1.0,1.0,0.9559203842978611,0.966426909401556,0.966426909401556,0.966426909401556,0.9592546888228203,0.9528034136247372,0.9562243038643546,0.8963269532710972,0.9844675250596381,1.0473602202168377,1.04200861193204,1.0150030939936283,1.011336373174325,1.0195598021334735,1.0075487635326055,0.9886961552052357,0.9383437319137261,0.9939250539853923,0.9996492980847614,0.9853320517991973,1.0006173409279582,1.0100004697913254,1.016411101228634,0.9894409756928415,0.9987728698136092,1.0114615896806685,1.0,1.0,0.9743110365489178,0.9696086319377158,0.9696086319377158,0.9696086319377158,1.0045667576540998,1.0015576036011933,0.9725745848966277,0.9840716964865971,0.9393762244597463,1.0428365481630741,0.9561570779806932,1.0033449795164346,0.9959267652465715,1.004157935215551,0.9664363946684729,0.9803752989081367,0.94943792180345,1.038669970692891,1.022811757379274,0.9983934135349904,1.0042494152890007,1.0052716421381542,1.0151332170383276,1.01610065615006,1.0116780669374104,1.015705846914266,1.0,1.0,1.0045900988954348,0.9991076885610658,0.9991076885610658,0.9991076885610658,0.9766109248675463,1.0018736264837658,1.0118714898233407,0.9862413508445909,0.9708545104241759,0.9994666128250268,0.9759910517797533,1.001732297790714,1.0167031432574807,0.9824751509833048,0.9876673523681577,0.9762529854347126,0.9454158951138633,1.0918261165941017,1.0345222347302945,0.9891231428317384,0.9823986233009652,1.0003616801313413,1.0120283541248556,1.0095960019819623
2026-07-21,0.9845618858470917,0.9911936128996065,1.034644190676972,1.0,1.0,0.9805775257840627,0.9791886576301856,0.9791886576301856,0.9791886576301856,0.9848267601532659,0.9998631649547386,0.9791808518845596,0.9161198380669571,0.9741337639694898,1.0318839468323246,1.0315923117657833,1.0354681964484456,0.9989482476545329,1.004918847069464,0.9633430139209536,0.9794811862634414,0.9907598118374125,0.984175653659994,1.0271665562734298,1.004420855208651,1.0133134826689314,1.0221394726490562,1.0204855993277393,1.0015772230077307,1.0440285820360375,1.0417115753904693,1.0,1.0,1.0145050155540705,1.0184277400391852,1.0184277400391852,1.0184277400391852,0.9899509542757168,0.9914442371371687,1.0080819473060187,0.9340536170557259,1.0381774066686444,1.0225562480086785,1.025701379280281,1.019058942231574,1.0107454242266782,0.987886164359744,1.0194062045231491,0.9799479269592881,0.9097761321194626,1.005648877990649,0.9617960654957777,1.0085834036559786,1.008121678604993,1.019038451927013,1.0166813407029565,1.000000064474132,1.0296571319444907,1.0276266036056672,1.0,1.0,1.013503380318295,1.0092912281899278,1.0092912281899278,1.0092912281899278,1.004305458986583,0.9984019568166398,0.9962486255897717,0.9519849290873147,1.0003224927663932,0.978203437024962,1.036106330645817,1.044465820400266,1.0481656303134803,1.0074036367886725,0.9700841834521516,0.9770587624535442,1.019605149597672,0.983915441223371,0.9776383913264686,1.0030275850120143,1.009192534510613,1.013249369817544,1.0204369488829228,0.9745136726399565,0.993467892577733,1.024791028701295,1.0,1.0,0.9773423923432986,0.9830369143318952,0.9830369143318952,0.9830369143318952,0.9876286792167236,0.9835214036764799,0.9736423173324016,0.913928956005161,0.9959795464175613,1.0503342172512626,1.0396806131232745,1.0151071083434198,1.012126370097022,1.013903792029639,1.0043007524912508,0.999762151322866,0.9425637249519078,0.9978751002969288,1.0113833137503558,1.0017120507597637,1.010061334838159,1.0156504665311088,1.0198390937162778,1.0023029742684642,1.0097948600880637,1.0250655755674518,1.0,1.0,0.9837110282131265,0.9805126197650825,0.9805126197650825,0.9805126197650825,1.0076207716030225,1.0034456038249986,0.9844485635200148,0.985655706626987,0.9554742258263434,1.0469125379400144,0.9725390555651954,1.0058969972978036,1.004446756378598,1.0108159250881945,0.9736143767052189,0.9868632833956363,0.9591859271740564,1.038909954252967,1.0217897677951997,1.0051894151496406,1.0070414145590383,1.006329646998963,1.0163172135070055,1.015726652894084,1.0117700584990177,1.0227038185180526,1.0,1.0,1.0042220916556168,1.0048636619992128,1.0048636619992128,1.0048636619992128,0.9797329381724139,1.0006336172415682,1.0146334788122908,0.9911233390480655,0.9803645130915613,1.000822614322469,0.9910150513194056,1.005694296238364,1.0227311579219343,0.9941731474170671,0.9995613575699186,0.9813989875256304,0.9539838770028117,1.082600108421124,1.032956244334994,0.9904191425159131,0.9877426188065478,1.0026636803150606,1.0136563513224541,1.0092619990649792
2026-07-22,1.007383873770449,1.0113075881719744,1.0511601633752454,1.0,1.0,1.0015875014437385,0.9968666309678216,0.9968666309678216,0.9968666309678216,0.9993847672046756,1.0108211722274993,0.9943468236955456,0.9351838323412872,0.9871937429501433,1.0429079505921064,1.0421443136733552,1.0485882065080787,1.0052902618051598,1.0184768470096928,0.9670330083125017,0.9838211865233716,1.0061298094762505,0.9934636303312007,1.056424540664457,1.0219048437381866,1.0270874790069766,1.0347594639898146,1.0297396083850459,1.02214321856896,1.0684285750554887,1.067803566145315,1.0,1.0,1.0384790078345523,1.0446417309323994,1.0446417309323994,1.0446417309323994,0.9978269608539324,0.9934682471240023,1.0306779324862574,0.9363096221550824,1.0568074115422654,1.0364842476381582,1.0376653822877373,1.0216769234502499,1.0184953978159144,0.9966001629774123,1.0184842039899562,0.9842059278457902,0.918864126610587,1.0245328532257054,0.9723800592320069,1.0259654108753218,1.021363686133673,1.0319064592947758,1.026459345256498,1.0100920534054227,1.0410771153505627,1.0439325924935208,1.0,1.0,1.0257233636471155,1.0268152161246547,1.0268152161246547,1.0268152161246547,1.0172034588323517,1.0111399625388484,1.0076266121794464,0.9719489237693881,1.0136824806359088,0.98454143032637,1.0477903308059062,1.05396582607956,1.0624396259442577,1.0184076427121256,0.9713021701010367,0.970414762269302,1.0374991588185905,0.9928434276020918,0.9799563890700108,1.0185155839240851,1.023700533662083,1.0263413682054605,1.0328629525813744,0.9841776770996953,1.0037098906380926,1.0353270181733714,1.0,1.0,0.9892723900256931,0.993066904298355,0.993066904298355,0.993066904298355,0.9898506835041064,0.9869694117546036,0.9864063163262426,0.9196649614200548,1.0134035208783019,1.06456419924826,1.0594206247893707,1.0251250847105176,1.0175543867696184,1.0198177934269061,1.0155487451330543,1.009174155446078,0.9533697286949546,1.0151510876822512,1.0250773106870816,1.01342605034322,1.0214753438963697,1.029542465357631,1.0297890989255871,1.0160329671370933,1.0142048553593153,1.0290255766885592,1.0,1.0,0.9882910230189105,0.9851606201777451,0.9851606201777451,0.9851606201777451,1.022658753773472,1.013753597006216,0.9922085694500992,1.001297705630057,0.9560322221841367,1.0690585478050272,0.9784370544587959,1.0169989911965918,1.0166567819816565,1.0137819298748005,0.9777563916481696,0.993611286510854,0.9639059282644548,1.0571559700761113,1.0393897487919594,1.0195294056562967,1.0172854119988246,1.0155316416331603,1.0260492135875463,1.0334506509352606,1.0269640584839679,1.0361898172896855,1.0,1.0,1.0200220914527445,1.0184136602300105,1.0184136602300105,1.0184136602300105,0.9944389293331396,1.0033116041540895,1.0308474793088094,1.0018973586810385,0.9880865116892306,1.0125966013531327,0.993557045852795,1.01954031085466,1.0287071455250485,1.0136191571606177,1.0072893514180785,0.9938869726700844,0.9571779020545159,1.1119340967906746,1.0453882300048254,1.00125114311864,0.9964566186981074,1.0106756758379822,1.0219483527379234,1.0147099990018005
2026-07-23,1.0496238812675645,1.046095595613991,1.076886174693928,1.0,1.0,1.0362335093081088,1.020070642345351,1.020070642345351,1.020070642345351,1.0305147738355473,1.0429551765282954,1.0273188313316204,0.9266958303932691,1.0103917521381898,1.0510159418412666,1.0500803227682614,1.0553501918368018,1.013242248437147,1.0287728426980445,0.9751710182431783,0.9946771940843807,1.0049858113717742,1.0491056185693313,1.0990065428550433,1.0507888432827104,1.0469994756668768,1.0474834647425209,1.0410936004117395,1.0603532127746231,1.110032568424693,1.0962895654636164,1.0,1.0,1.078577000971221,1.0712957294482646,1.0712957294482646,1.0712957294482646,1.026378966330057,1.023986252103411,1.0690359313462143,0.9248356170645055,1.0647553999273907,1.0534702549646762,1.0515573866354213,1.032760936786573,1.0256694143173217,1.0068701730911798,1.0286042149381016,0.9849939340135326,0.9185101333396691,1.0847728959459269,1.0204880709340123,1.0509594021020374,1.0407976792741138,1.046014453796511,1.0391913395191608,1.037290065020598,1.0634991217351424,1.0602925911750685,1.0,1.0,1.0463133699922555,1.0420072163952683,1.0420072163952683,1.0420072163952683,1.0389554681849904,1.0308939745853873,1.0345726166006377,0.9668629291340118,1.0206984763890514,0.9962034372404486,1.0652103309215424,1.0637438197014468,1.0691936376195919,1.026365639672105,0.982250174519639,0.9766647574333005,1.033321155411505,1.0515014306677932,1.0218763973680738,1.0387215827824698,1.041802531268622,1.0403933680131714,1.0455929460921567,1.0209196755171523,1.0398718878828992,1.0581270263499176,1.0,1.0,1.024122387647866,1.0136129113610863,1.0136129113610863,1.0136129113610863,1.0167526910735503,1.014401418800166,1.015228317019201,0.912104959115385,1.0306075257537746,1.0771962098129177,1.0726566190306095,1.032921097088799,1.0280603866035116,1.029611809109224,1.0210367723744866,1.0081541613346694,0.9579057356952227,1.0564810829908902,1.0667253068710905,1.0350720493643588,1.0408333332459385,1.0460064659492088,1.0431170952797575,1.035102966842925,1.0322568625169668,1.047915577269108,1.0,1.0,1.0052970298935275,1.0022446204419309,1.0022446204419309,1.0022446204419309,1.0343067696368082,1.0220076059525762,1.0096705662129593,1.0118097017480676,0.9698222341095054,1.0644565366332557,0.9920450513273377,1.0271829896919054,1.0176167692767555,1.0270519361986805,0.9880583881052887,1.0033432914973608,0.9751899192034305,1.0670159425840517,1.0547617497978508,1.0298274194348631,1.0248494189592872,1.023775644037623,1.0350392130214818,1.0445166623664313,1.0385380690067825,1.0486178315420462,1.0,1.0,1.0307401016732876,1.0301276736172713,1.0301276736172713,1.0301276736172713,1.0003309252453572,1.0104576113786519,1.042851495106062,1.0088153520373313,0.9969305066944874,1.0200086021641732,0.9990830414144377,1.0291702871132642,1.0410491516933493,1.0155811571136766,1.0219033339571502,1.011870987759346,0.9684758883596398,1.1078241117129488,1.057150231592477,1.0106991438280122,1.0045466209483405,1.0188456804185706,1.031954349454349,1.0199079996460554
2026-07-24,1.0115278831677972,1.005209598616356,1.0378441786955122,1.0,1.0,0.9955355119844135,0.9832006457384657,0.9832006457384657,0.9832006457384657,1.0012027668606036,1.010953174029363,0.988528844382363,0.8967798382090931,0.9870157575178309,1.0403639426696332,1.029958288168131,1.0366521827211896,0.9983622486811594,1.0116308447769364,0.9517390174915131,0.9686191803120612,0.968769808053216,1.0076556746382919,1.063862556816529,1.0180708425554879,1.0212634784364296,1.0278534610370476,1.0228976027210421,1.021179235283231,1.0685085926876172,1.0548115856637992,1.0,1.0,1.0387370247500523,1.031607747994459,1.031607747994459,1.031607747994459,0.9998509740083399,0.9965802521460883,1.0259179581900297,0.8934216271776408,1.0502094009927971,1.0389302486146677,1.0339233827034164,1.018970924026104,1.0081394099100025,0.9870361496934436,1.0095782134654845,0.959305916041599,0.8926381318035467,1.0258329009153133,0.9827000996545051,1.0220174101822348,1.0191516786751353,1.0283364503028924,1.0185993414111547,1.0061060648456148,1.026951136426099,1.0282385993334984,1.0,1.0,1.0113353836486623,1.0111112218172291,1.0111112218172291,1.0111112218172291,1.0184634587025845,1.0150079647035042,1.0040546241658797,0.935324923328604,1.0020444763920688,0.9807674296886428,1.0438003284299695,1.04598580951975,1.0445096358150943,1.00773763084274,0.9548521754756082,0.9551747632230071,1.0053671614739155,1.0284934676839461,0.9875884102029799,1.0122815694474623,1.0196125284435456,1.0227053657626846,1.025542948855557,0.9961736883642461,1.0106299049136362,1.0300470455716026,1.0,1.0,0.9963664042922343,0.988322929693491,0.988322929693491,0.988322929693491,0.9923046940283026,0.9873754143874366,0.9885123221218638,0.8855229612779304,1.0057575358233415,1.059374205626677,1.0521526088794102,1.020699097321816,1.0073723649180768,1.0031337929373858,1.002642753063218,0.9789261603412381,0.9278597270162695,1.020761082958366,1.0396853245766868,1.0133460522830258,1.021083337275146,1.0259264665563472,1.0228110970360047,1.0089309747635387,1.0072628639781727,1.0255155814150199,1.0,1.0,0.9811010305804039,0.9809246234013894,0.9809246234013894,0.9809246234013894,1.0142487639846451,1.0011036080687927,0.9859485651982929,0.979533699466284,0.9499962263285912,1.0517985400190424,0.9637090592570505,1.0033189899140775,0.9971967581733701,0.9956759300283078,0.968288376702276,0.9783272901804422,0.9486459270759581,1.0536939552554634,1.028231742311886,1.0068834167912424,1.0015794106751033,1.0012976376814589,1.0127212120998206,1.031582649056212,1.024714057512714,1.0306158313507034,1.0,1.0,1.0172500895836674,1.0126716731790486,1.0126716731790486,1.0126716731790486,0.9835309113018981,0.9885676128511987,1.0268754800375262,0.9817653518436383,0.9767304998771678,1.0023126022273992,0.9859490541162291,1.0090823021540873,1.0167491595662053,0.9828991516040149,1.0016693579698805,0.9865869850560627,0.9436038830597591,1.102860099087471,1.0450322355598882,0.9912891385012935,0.9823706183914872,0.9990416775669115,1.0106703468650522,1.0083859981244454
2026-07-27,1.024702972388652,1.0199011575731751,1.0494253715050361,1.016382487839154,1.0,1.0094500383695022,0.993020653801067,0.9953526455324674,0.9953526455324674,1.014184657737748,1.0212304996651804,1.0031521673027037,0.9057377474013615,0.9983618905896419,1.04391557401124,1.0303080314979198,1.0388138426828304,1.003613050016493,1.0190593542726711,0.9622653230734161,0.9828198685752503,0.9795482782245462,1.025125363276734,1.0820074399637105,1.0279080988697948,1.0267942983159892,1.032723208844763,1.0283906100109175,1.039033266738734,1.0823767557358417,1.0640683047897062,1.0133661480187626,1.0,1.0519898998906994,1.0395053260805591,1.0399957356876033,1.0399957356876033,1.0101715033628904,1.0094357819860926,1.0391408938600573,0.9014714368314785,1.053286715969874,1.0384971235205784,1.0363011641079138,1.0346754918095706,1.0175518010936586,1.0008536492295061,1.016324338462889,0.9651238562032584,0.9005310305803558,1.043043473154277,1.003085746908287,1.035655846382632,1.0272000838389779,1.0336590464032795,1.0266483580304786,1.0198236803703058,1.0403015448467359,1.0383764705498417,1.0167056094124236,1.0,1.0261586336222408,1.0199854562771615,1.0250071557617002,1.0250071557617002,1.0201972264127974,1.0081828978638736,1.0196891892806528,0.9445261802282627,1.0133855161781908,0.9918153841697283,1.051501980818698,1.0500919445160704,1.051023642369895,1.017652045993904,0.9667489952564207,0.9635552856584602,1.0147623882179437,1.0464638326994686,1.00543084019314,1.0198678028232455,1.024980113734993,1.0263419158205207,1.0315667110845095,1.0100724031277264,1.0247531155621272,1.0382640033193349,1.0095824355486325,1.0,1.0102660883313934,0.9952885883428273,0.997824919144256,0.997824919144256,1.002955121158079,0.9964218704130894,1.0020307598410532,0.8950104006593768,1.012984828338267,1.0625870832770405,1.0561267111703228,1.0254383735382837,1.0152781334564043,1.013192299686745,1.0086022178275384,0.9849575707396805,0.9372864748214415,1.0353954674754569,1.0556161968203666,1.019958131536875,1.027763173884953,1.0331132863539327,1.031065679420143,1.0173748397130993,1.0164496681158817,1.0354722640993599,1.0084145286629913,1.0,0.9896531200683911,0.9896376117963522,0.9893966236902363,0.9893966236902363,1.020276883245019,1.0113300289668825,0.9958406325160497,0.9887580902207853,0.9613325095991664,1.0577974293695709,0.975141340082332,1.0120660984518597,1.0071822870656908,1.0055507341173342,0.9788697870654087,0.9866238162065585,0.9618260690989326,1.0585023338354806,1.0337451031493763,1.0152087615190502,1.0097234550456191,1.0086878185613959,1.020470803798847,1.0323342570484548,1.0261107234767552,1.0320699762897545,1.0064506640086315,1.0,1.0184902930394213,1.013787943301115,1.0175376715384503,1.0175376715384503,0.9849747679947229,0.9941531592303907,1.0310381412762666,0.9912921872842976,0.9870449721206332,1.011837473937956,0.9944745962524179,1.0127185685232718,1.0279603178683823,0.9883929571212569,1.0075194794977653,0.9932139478260607,0.9555699011847244,1.0988741330789116,1.0472050399662527,0.9967561193125553,0.9911346344772434,1.0068301300923643,1.0185643846957644,1.0116680015546984
2026-07-28,0.9999709614240118,0.9966851570976288,1.0314113708296284,1.001044496543342,1.0,0.9876960362396968,0.9778906532532381,0.9829326529628283,0.9829326529628283,0.997690661399204,1.0021785068901807,0.9863781718985065,0.885877750146268,0.9901318843496338,1.0527275601552861,1.0380140306875962,1.050723871736038,1.010439039405345,1.0165753445287051,0.9535593272577142,0.9721138792000448,0.9690902807293423,1.0001813704793179,1.057719436868402,1.0166480937964726,1.0220602899525788,1.0331312052904424,1.0293986110165239,1.016059274292978,1.0625547634307544,1.0491483072342522,1.004066150941341,1.0,1.03306590737835,1.0267273290759644,1.0317497397287354,1.0317497397287354,1.0017795149183104,0.9987697891858491,1.0230689005247195,0.8851234360970366,1.060928710605246,1.04434712591236,1.0359871901479494,1.0254634864183498,1.0249357965719161,0.9981056374308924,1.019316325663595,0.9584558568441096,0.8882770367206507,1.0074434937632042,0.969009753218947,1.0251098435362138,1.0246820826911203,1.0333430505066337,1.0254743596434672,1.003815672127652,1.0210995372485026,1.0228144596879338,1.0040056097481962,1.0,1.0054386250895135,1.0070734435212378,1.0099791518255863,1.0099791518255863,1.0216632351346684,1.013712904868834,1.0025631932482728,0.9261401831804766,1.0073415126663354,0.989275375102267,1.0559779704341394,1.0603259688602091,1.0477556445648795,1.0231840164653208,0.9553969846552743,0.9500612857069353,1.0000183968007081,1.020151823321613,0.9872648270606629,1.0180558033937894,1.025856113780432,1.0297899164088042,1.0336827075149144,0.9915923911582019,1.0092411073376375,1.026259996032803,0.9991224329981551,1.0,0.9940280796934783,0.9849005810749178,0.9880789170235359,0.9880789170235359,0.9896191083770376,0.9839838671467476,0.9883847488254229,0.8802464094486242,1.0152728275064908,1.0642210965659806,1.0625687099775103,1.0257083711145276,1.015952117320595,1.0132703012341848,1.0123462086099404,0.9770515757310976,0.9319924752300998,1.0233874732490542,1.0421461813467665,1.014006133410907,1.0228451769651947,1.0314272842994585,1.0286856824370667,1.013478835833102,1.0080156644743168,1.0255382625746976,0.9968965294705797,1.0,0.9821631169037581,0.9813996114428736,0.9790006243264907,0.9790006243264907,1.0194788873976854,1.0046300304232403,0.9878646296737269,0.9879820886116164,0.9534745084494773,1.050223424596137,0.968161335253449,1.002934094554317,1.0023602819443507,1.0000007326547145,0.9751397996141822,0.9771738149998941,0.9580860669798896,1.0705783012040686,1.0415070847946952,1.0146687682749262,1.0079654530431628,1.0087078149171758,1.0181688021643054,1.0255202485829573,1.0158647134945025,1.0212519729262939,0.9922326677278767,1.0,1.008424283112362,1.0040839404577937,1.0041096747375753,1.0041096747375753,0.982540761432143,0.9937911560804542,1.0209401389944777,0.9846441789393201,0.9816229730759861,1.0115034663109266,0.9920766083763704,1.012872583847794,1.0279323063731396,0.977670953431384,1.0054214814384048,0.9919219511410307,0.9368259134777892,1.0774341465661013,1.0379910420627163,0.9952421169630494,0.9893286302824292,1.007292121896404,1.0174883818297142,1.0123360010484228
2026-07-29,1.018976953642812,1.0164171438731104,1.0517113595405059,1.0175524744353037,1.0,1.0074780248025093,0.9970086440090415,0.9997526345628175,0.9997526345628175,1.0098986497736089,1.010856499729543,1.0045141632618904,0.8867917602299772,1.0077818650960222,1.0601915460854479,1.0549200378774548,1.064305851151818,1.0211890553764291,1.0328873598380057,0.9645253174959547,0.9790038773519536,0.9755942712893404,1.0253633340089592,1.083187421124611,1.032498088607182,1.033748285025966,1.045197196570765,1.0412986050679562,1.0333572618875935,1.0837727463150406,1.0697822952003964,1.0244821396195638,1.0,1.0532258905518312,1.0457173188577302,1.0519337291285156,1.0519337291285156,1.0094214979056528,1.006385784863106,1.0423748853506658,0.8866134383047519,1.0673906992366873,1.0561871089677377,1.046381175995506,1.0369954973292181,1.036921800717271,1.0118136659160766,1.0265583320900493,0.9747198563167105,0.8976590356389393,1.0177894577454825,0.9890077173329593,1.038599831136281,1.0354900713151842,1.043763037628344,1.0369203541691043,1.015957682674271,1.0347875446377237,1.0397104636967325,1.0140596084456048,1.0,1.0192486329754984,1.0233514505921217,1.0184071536346462,1.0184071536346462,1.034009220883268,1.0264689005263057,1.0178791924673822,0.9310041826750289,1.0154535181440818,1.0016833724214396,1.0687759812625586,1.072655944505814,1.0566336482985166,1.0407280320854533,0.9666909810799891,0.9637512751133991,1.0025603952769493,1.0418918066767422,1.003038815426275,1.0311797945691035,1.0372861066208583,1.0397099130874428,1.0457547039139363,1.0039003706034895,1.0256230768694925,1.043179966791881,1.0144884061740094,1.0,1.009998050063868,1.0005625530994668,1.0025808902954412,1.0025808902954412,0.9936611058078769,0.988807863605247,1.0046867258605883,0.8905023994787935,1.0257648246098197,1.073299078813049,1.0753007204941374,1.030900355194494,1.0373461317298303,1.024226300936443,1.02085422565322,0.9843935924201799,0.9430864624461904,1.0427134252226795,1.0560801497310877,1.0257321289186316,1.032121167566762,1.0434992774985263,1.040731675912809,1.0248748420297022,1.021473669512178,1.0394782562220983,1.0097265187989297,1.0,0.9952871230600461,0.9948976061461289,0.9918026159286953,0.9918026159286953,1.0271368804086671,1.0173600266883738,1.0009386368417483,1.0022500695661556,0.9660285115190617,1.0545234311084952,0.9895633405258323,1.0132440905996258,1.0039462950362255,1.0121607267758734,0.9870497800740003,0.9869498006011318,0.9739400519037148,1.0815463379714354,1.0521931118428105,1.0247807743717905,1.0214994545958107,1.0228218168435854,1.0315167992826664,1.040316258312554,1.0319087250804257,1.0373979833768796,1.00756867309275,1.0,1.0240542951768725,1.0196119515811293,1.019125681214185,1.019125681214185,0.9900027720158575,1.00017915716543,1.0350861515210474,1.0034981808584578,0.9897049805917204,1.024377463074716,1.0030386009928418,1.020040565912902,1.0396563229466127,0.9810329619682459,1.0132934759088583,1.0025379392267353,0.946287900078537,1.0909401596090091,1.056201064673046,1.0063141238572557,1.0017966419681175,1.0200321299572184,1.0306543812525482,1.0197600009418355
2026-07-30,1.0071109574898331,1.009475145216386,1.0487753646430436,1.0140164861148686,1.0,1.002026025654398,0.996132648340162,0.9992686454381133,0.9992686454381133,1.0006926528182183,1.0029804995275453,1.0025941561156422,0.8672837557814688,1.0093298910136785,1.074145569618355,1.0687460454458222,1.087085843976633,1.0405350386074421,1.0404133427315916,0.9704953009522488,0.9693118754968673,0.972258278492595,1.0079313417570432,1.0726774311003813,1.0333440922721229,1.0401082996366309,1.0566272094633071,1.0532186056966084,1.027199268997348,1.0865207543807074,1.074744300535002,1.03136614596541,1.0,1.0562598989783936,1.0520093228560725,1.0603537343339564,1.0603537343339564,1.005927506146493,1.0028077867497815,1.0444188902563336,0.8696174354677463,1.0844247190526652,1.0748871400128859,1.0547811896230408,1.040839479814114,1.050195799021354,1.0178956310120142,1.0402463221097062,0.9757478633418175,0.8933750340499638,1.0087334556275809,0.9696537244532275,1.0393698381425904,1.04268408630008,1.0553510494726728,1.0464043564712913,1.0181456755132916,1.0336375403349294,1.042452461649782,1.017975608633132,1.0,1.016462627472529,1.028403446895967,1.0207311502034928,1.0207311502034928,1.0477272365450305,1.0440829090805117,1.0168811922059668,0.9150921910773536,1.0246715221278697,1.0102953825464485,1.0824579812975332,1.092467951522524,1.0722276287813697,1.052256023112811,0.9624729871734808,0.9569012793181337,0.9912743949468631,1.032389806250315,0.9977288129774455,1.044013805391501,1.0511161206937505,1.053861921534857,1.058810705589201,0.9942703913736901,1.0190951027760096,1.0394999899968245,1.0124924259424881,1.0,1.002410077683934,0.9974485758899934,1.0001129106377578,1.0001129106377578,0.9893731162350035,0.9843638813214478,0.9964927422846018,0.8769384115809451,1.038692841529411,1.090849107436521,1.0910547117505003,1.0439563776832754,1.0478221012768572,1.037236301916009,1.0378902095243125,0.9826595879476766,0.9494264615746407,1.0337834632278862,1.0496021725353777,1.0305081394605053,1.0367431760659065,1.0538692839055586,1.050481677644093,1.0292768442781106,1.020395675824403,1.0381042729915024,1.006010534453382,1.0,0.9948171279080514,0.9947776206591883,0.9893646291030529,0.9893646291030529,1.0406569067573184,1.0260420392754204,0.9999406472425983,1.0120800831255412,0.9636125205255345,1.0604354251406212,0.9874653292216667,1.015314090062645,1.0081022742354253,1.0167787214566557,0.9869437885525134,0.9889358056538338,0.9769980661349449,1.1067843169566238,1.0687471009357867,1.0349667676249552,1.0311314565005136,1.0328918199537078,1.0412727990381527,1.0491862602956539,1.0391527300465857,1.0427619875109069,1.0049146919573126,1.0,1.0312663000239548,1.0256779554422808,1.0172797001105927,1.0172797001105927,0.9998987780767687,1.0097171718569806,1.0377341680459915,1.0080281908596143,0.9948869886609862,1.033855471064067,1.0024126024615692,1.0296685669788366,1.0450703121417833,0.9776929722527202,1.020627486499348,1.011619933769064,0.9385218966993845,1.081052172521764,1.0633510494294973,1.015262122697564,1.0125826382106113,1.033088125635885,1.0418423758467854,1.0257679998470364
2026-07-31,1.014794957163902,1.0146311390770337,1.0562833587593576,1.0316104746079402,1.0,1.0062980190460227,1.0024266412922962,1.0153626315024158,1.0153626315024158,1.0098306546132232,1.0113105035568593,1.0171621553427204,0.8805337562189574,1.0096018854819855,1.0621655675309372,1.0666620309214954,1.0816578468493334,1.043473065595052,1.03813535146499,0.9743813211472335,0.973809871317967,0.9793302728112468,1.010861361870799,1.07748143391648,1.0377660901010943,1.0399302926946654,1.0532992057596768,1.0505786083484798,1.0316812637138304,1.0887407429233913,1.0749382980239348,1.035300143538972,1.0,1.0581878863797525,1.0511393201724153,1.0638157308808383,1.0638157308808383,1.0057654993278247,1.0043097819425677,1.0459148900407575,0.882765431877035,1.0774967181654227,1.070675112319227,1.0520651847970195,1.039025477579674,1.0509917965591078,1.0211376356892026,1.0363263312436886,0.9775258509077502,0.9035850258878345,1.0123594637483615,0.9794937396277965,1.0389098365993807,1.039850080902341,1.0509990480437796,1.045696358832997,1.0260416743120455,1.0443735384225392,1.0475844648302763,1.0221456075100486,1.0,1.028274626139026,1.0319754501120337,1.0260691526681103,1.0260691526681103,1.0405072286499568,1.035552906909861,1.0247791922038327,0.9275621878269589,1.0290915214366456,1.0056393656289264,1.080473975429545,1.08586195387337,1.0708856340617956,1.0523140345441542,0.9682469987475286,0.9611432646666398,1.0041844015716042,1.039549821212046,1.0029428251813086,1.0396857997627051,1.0468941149119375,1.04850391216138,1.0560227058066998,1.0032523954521142,1.0238631026595901,1.040789996685253,1.0244604284967893,1.0,1.0080000757581056,0.9985605824730297,1.0122989131593665,1.0122989131593665,0.997541107501882,0.9883518596174603,1.0059147553713834,0.8921263972897899,1.037352828729518,1.0883910795236107,1.0927667048738086,1.0427463699437116,1.046616136070624,1.0304722983858028,1.0358802120536927,0.9865475991824708,0.9528104499786839,1.0466094793876486,1.0561301911973766,1.0340861285957705,1.0365051740451223,1.0528292817964684,1.0499896808395113,1.0351268330603376,1.0287376627739946,1.0460702638506951,1.0128985239442216,1.0,1.0026571156179962,1.0016636127282528,0.995442620069824,0.995442620069824,1.0457168920123514,1.030926032327212,1.0099686225872344,1.0106860703655622,0.9642985065852413,1.0637074273442022,0.9996813323922704,1.0252781023831783,1.0130902986839285,1.0166727145996375,0.9914017957552335,0.9925197975605455,0.980334060658217,1.1089102960157442,1.0708970883436932,1.0386987648631945,1.0353394508573046,1.0365238148525822,1.0422208003892328,1.0524262515100797,1.0426587200102209,1.0485979744383438,1.0122586620464502,1.0,1.034434289917712,1.0305379426562082,1.0239516704617015,1.0239516704617015,0.9980667606885874,1.0095691506975135,1.0454881392428514,1.0115361838809784,0.9974849752359879,1.040335456614206,1.0063185939216701,1.0272365584711576,1.0455703234928055,0.9813029629404205,1.0218734829687885,1.0105499447769783,0.9451218997134371,1.0852621311045392,1.0610450511005247,1.0183881186755905,1.0173706315992352,1.0358061213562766,1.042582380901595,1.0259479999566832
2026-08-03,1.019529569368286,1.0230766626639956,1.0620760522511956,1.04178658132737,1.0063551643924191,1.0142642700256352,1.0064032531592824,1.0239658323051137,1.0212446371037711,1.0157728966484227,1.0163873673276862,1.0221896405752113,0.8718768245523678,1.0117260730058164,1.0638471795269044,1.0690405914401522,1.0793951327371867,1.046628026610048,1.0316838305183844,0.9762758113381044,0.9644466668303475,0.9680089482845038,1.0320937033702664,1.0876573685944442,1.0413496547690315,1.0440771634142436,1.057556793308411,1.0548349820834437,1.035827312404575,1.0923487564709873,1.0773036690930213,1.0373425591878431,1.0053415058562516,1.0613167142701065,1.051717628532753,1.064152710612375,1.06384973127882,1.0018363768129954,1.0008862259214524,1.0460671685931346,0.8739718900098912,1.0823464852437235,1.0678979809970703,1.047151382036628,1.044331801888649,1.0536094635439077,1.0196967705806586,1.0355791244201107,0.9765977704445171,0.9022409789817238,1.0120519646742347,0.9844399763740636,1.044208717445633,1.045539586190146,1.0555012353212383,1.0499845903587295,1.0306471876041627,1.0495285333919582,1.0522288570135194,1.024578078622572,1.0059535423014523,1.032444066404272,1.0349064337154121,1.0258780629423732,1.0244791355236467,1.0396125283966118,1.0365188763145166,1.0266325172869961,0.9186559237500752,1.025015771999461,0.9987004046399932,1.0840645620312785,1.0748071715435001,1.0694636773617132,1.055276817928683,0.9684631941465047,0.9596276959853627,0.9977297021929395,1.0590999786066415,1.009162376604039,1.0428849993774219,1.0512516153577947,1.0506247869761483,1.058643628841859,1.0069246452156746,1.0350812309699837,1.050139569230178,1.030341078031661,1.0032140470467283,1.0186737927266734,1.006792404997118,1.0157076917108834,1.0134289006823418,0.991533094235864,0.9812582692022366,1.0097708012697157,0.8863728301348731,1.040828533012453,1.092289223021555,1.0920394199862475,1.0444313421918414,1.0436017462135314,1.028048585761467,1.033868684922839,0.9839270640360782,0.9501844511998737,1.0583220795140982,1.061697688916018,1.0356350222138775,1.039187621637571,1.0556869492744032,1.0538598839272508,1.0364645787705362,1.0287877529151717,1.0459169246663047,1.0135760433319196,1.0026733235955452,1.002406620065361,1.000824031459293,0.9954729348435354,0.9953966271534186,1.051687148806999,1.0374759309487533,1.0112979022207256,1.007782526177242,0.9573652951236354,1.05990765708732,1.004146416757028,1.0195718226294865,1.0079445359327197,1.0144686874172928,0.9932560696537005,0.9933160113518821,0.9876754931330243,1.1189221921146195,1.0749754668425004,1.0413302093511323,1.0349012697052804,1.0364121885077628,1.0445978138793706,1.0505653983513992,1.0423565651630295,1.0476790607048851,1.0105225056025477,0.9980458808658346,1.0338789151294634,1.0292843658572501,1.021662540079972,1.019987666124397,0.9977236843748332,1.0132070903208545,1.0459230726479973,1.015286583800389,0.998021215984313,1.0418704046870477,1.001322201566019,1.0254016277228761,1.0411426811802524,0.976444717748835,1.0283042081873373,1.0098706431007647,0.937660149296077,1.077442927180623,1.0532281307254008,1.0196373224157296,1.0195855053763045,1.0363043564835397,1.045014616725559,1.0266459978534288
2026-08-04,1.0387455848810343,1.035236687055611,1.071100067744837,1.0490486001267791,1.0119511798370424,1.0259742940301977,1.0139332670015613,1.0288858492679487,1.0248846513450574,1.042408901898745,1.0354733720972673,1.034133655699583,0.8767468298965448,1.0025200842060424,1.0458391950274255,1.0572946201183833,1.0564951528661557,1.0352320470941676,1.0192638348561243,0.9748778068190754,0.965278638474523,0.9705789374934379,1.0564817192142768,1.1081613776862587,1.0482916623261418,1.0377351726954014,1.0468728026649161,1.0417029885391504,1.0560233184843573,1.1034227727336714,1.0819856656838913,1.041180557758018,1.0036415107290029,1.0721787298167182,1.055637624050679,1.0675007077750116,1.061367735252886,1.026512372241135,1.0233182259644742,1.0533271804824778,0.8798218815132197,1.062648476588618,1.0514879897469416,1.032353382984189,1.0407598150887125,1.0371054675834208,1.0101227844368037,1.0218731148376508,0.971507750352922,0.9046689612615748,1.0591880093612707,1.014977988884991,1.0516387258029478,1.037527587452037,1.0447952402593874,1.0382625958228708,1.0351272082243101,1.0493165587910096,1.0600788855153276,1.0267161055616387,1.0089475531044283,1.034194095550128,1.0410984626869797,1.0261120882984842,1.0265291456730028,1.0336145259213723,1.0331948740997172,1.0275285409326687,0.9272979273655652,1.012753772984176,0.9908284267547817,1.0713745719241141,1.0702991685343288,1.0553696784963331,1.0420888193662214,0.9654511931279883,0.9535736951506231,0.9972577066512694,1.0523080165769618,1.019620409968172,1.0347430090146879,1.0376736242183984,1.037528794603571,1.0446576366768112,1.0231006546405674,1.0439732458542441,1.0559375748798123,1.0344490916737092,1.0078160577008095,1.0278918053250439,1.0109024089277434,1.0188977052059525,1.0172449119886178,1.0265890967272266,1.0227162729938657,1.0184208186209383,0.8872988320807152,1.0291965437155506,1.0774612383276956,1.0714814297337045,1.0278533561898449,1.0269277599172184,1.0176405890487727,1.0205006877597147,0.9819090707577148,0.9431824358411737,1.0839400785227318,1.0793596814009085,1.040497025077273,1.0347676246195279,1.0484329570732032,1.042885885985842,1.0295446016571375,1.019739764254737,1.0436449377353876,1.0100600576583205,1.0050633169414465,0.9930906324090544,0.9979440453421512,0.9913129505319664,0.9953126230061622,1.0491111726173115,1.034789941627678,1.0086539113279767,0.999730528651894,0.9552912839438864,1.0523276773764203,1.00361243384108,1.0234278263409082,1.0105445152354313,1.0046906953920476,0.9866640573294084,0.9884820097782185,0.9766194822868486,1.0979762084491853,1.0585675106082937,1.0318602095519354,1.0268752794825031,1.0276681976618678,1.0354238189033245,1.039725421523362,1.0310186003992523,1.0404830929677116,1.00473452572547,0.9992138833468318,1.0227109502906788,1.0219723983806168,1.0154805612427333,1.0192116711697103,0.9919016982445532,1.0110150890072218,1.0395390799256208,1.006850573501891,0.9925632391433945,1.0353644217442564,1.0015182228936375,1.0099016047482838,1.0390526787548786,0.9763567278644452,1.022270200507886,1.0050006373609037,0.9345961408442599,1.0802889347646754,1.0441661579281174,1.0111893327721597,1.0115395153685753,1.027144364264133,1.0358726196505215,1.0200499991182563
2026-08-05,1.063635575861738,1.0608686766035098,1.0933260728380356,1.0700685982270546,1.0299931751829747,1.0505702842850475,1.0340852728529648,1.0483138488274497,1.0426226476959173,1.0717268911243256,1.0579353605146133,1.0535676662936515,0.8929788183199503,1.0084620654368974,1.0386011669359652,1.056572609439972,1.047667125923068,1.0383940322522995,1.0295638345778624,0.9850378168700564,0.9793586539886593,0.9838869273752064,1.0748497275444826,1.1335813659989034,1.0654676566239483,1.0425291610696579,1.0490427918264906,1.0401169810789521,1.0818653084333656,1.1284687526460329,1.1045156667559546,1.0601985616176786,1.0160915085264879,1.0963427104913754,1.0772736251831805,1.0870447131493182,1.0747277337983436,1.0510423753758111,1.0450442281968153,1.078489168796929,0.8962158914609959,1.0530464751731063,1.0454699715741045,1.0242613900616975,1.043933814294256,1.0365274550487602,1.0087867828679666,1.0252611191331802,0.9777997529153503,0.916092970896173,1.1110959894025758,1.0562879646472263,1.0644127146922227,1.0410575758350045,1.0452892289913105,1.0377465916907789,1.0422032102914114,1.0581365601768933,1.0756328905023063,1.0384240984907867,1.0234275623810523,1.0432420979927237,1.0543704677142964,1.0360260833566972,1.039359157494582,1.032178519869015,1.0365188626628397,1.0407805423113365,0.9514319157388943,1.0121737804519473,0.9940604067540207,1.0754425658210733,1.0817231656977717,1.0611996704586337,1.0525668228870388,0.9699051877750428,0.958117691101469,1.0121916994946456,1.051124008690504,1.030936409079252,1.0337089995240798,1.0352416173677936,1.0368907822841267,1.0451876314081925,1.0488006335321085,1.064193228196489,1.0748995612990455,1.049701071205405,1.0188640459350249,1.049127787409173,1.028676394337108,1.0337176831159531,1.0285708968940301,1.0562830816687645,1.05892826144067,1.028142800831614,0.9015648275981054,1.0247165405549408,1.0757772330932684,1.0671034329144493,1.0256793360463579,1.0264237501535742,1.0206985757319627,1.0224286891674805,0.9945910739023099,0.9514784609216329,1.0910380676308635,1.094511679740929,1.053679014491465,1.0413696144130173,1.0518229509239607,1.0428598857118248,1.0357605992611294,1.0356957565163005,1.0651309222808736,1.0212160465688698,1.0192033111842316,1.0083106244552735,1.0177040307441867,1.001672939914131,1.0070846180146054,1.056835157769476,1.041619933401681,1.018821908701767,1.0099585246641771,0.9632232846284696,1.0552236584817722,1.013168433254085,1.0350018147548097,1.0283685371217788,1.0072806929670857,0.992140072171633,0.9995680128983391,0.9740954760608873,1.0841102488542735,1.0520275007510993,1.036548205560117,1.0295252752672233,1.0293681934898686,1.0389398167689066,1.0433554127002225,1.0319785806833075,1.043343072212489,1.0103965185553074,1.010767879773794,1.0234409308161703,1.0241383779223245,1.0206425536278718,1.028825667347189,0.9967016949316911,1.0170470927270978,1.0490310688639934,1.0142805859505686,0.9974172022843021,1.0387704127804311,1.007908202556078,1.0083856264657765,1.0506706822789633,0.9889487173651922,1.0259362135264318,1.0154086416486663,0.9420201461336857,1.1014429419823375,1.048034144944135,1.01612132367757,1.0159995048036872,1.030566355696985,1.0381786165572469,1.021099998460941
2026-08-06,1.0619515755692477,1.0575566733224624,1.0928420570110238,1.070682588309997,1.0318491615969176,1.0464882809441964,1.0341312589253322,1.0483098391729704,1.043766634019129,1.0775888904918172,1.0622833657861415,1.0528856484876878,0.8960088254571669,1.0061000594220026,1.0412871802434767,1.0528286166222398,1.0440431529579133,1.0332560382132203,1.026605837999842,0.9818178164703678,0.9819286637406294,0.9861549450580692,1.0640097121808108,1.1242333604746217,1.0688676519529217,1.0450591673345981,1.0500367972925417,1.0381949853370702,1.088053314761288,1.1307787560641942,1.1030896564570278,1.0589665567072628,1.0152995026341702,1.0992027150862154,1.0766876169690343,1.0870447101334548,1.0752157301384317,1.062344368452647,1.0565062274139365,1.0841191714943044,0.8951778955461961,1.051416470740096,1.0516859917609434,1.028013394700592,1.0437358219994148,1.0327694591464716,1.0010947743168914,1.0197011230294524,0.9750137670259349,0.9060209711604383,1.1256999865122967,1.0578659630813583,1.0683727092493591,1.0440755816306972,1.0479412408688096,1.0357485957687003,1.0375852057931456,1.0547045500729204,1.0694368752978662,1.0368880894913255,1.025997549265944,1.0394640871066942,1.049202454562458,1.0356820746556863,1.0417191439994755,1.0359185331041252,1.0404768703716978,1.0390265360117408,0.9486719229095257,1.0167177837188421,0.9934384203138413,1.075350560091378,1.0843351688635847,1.0603416980453848,1.049982820389807,0.9633631817512569,0.9490857048512711,1.0077797051555915,1.041148012610309,1.0206003996010076,1.033795006575944,1.0355796154815777,1.0390487870942249,1.0445576337197737,1.0543346424598048,1.0607852319718585,1.0684135587308323,1.0428330769628045,1.0140620482468528,1.0466477917540538,1.0232903937793036,1.027865690692497,1.0245809017513938,1.0754371040154134,1.07678828113699,1.0235688057597878,0.8954888305819164,1.0222805436956348,1.075347246748778,1.0655894503440337,1.0288673563169513,1.0237177414285072,1.0205385923985637,1.0168886876651362,0.997659057311866,0.9465284394079333,1.08633007853561,1.0940576675452625,1.0589850180053213,1.0454936225719527,1.0529989550717336,1.0407978898155372,1.0281106018518724,1.0290737700444417,1.0591009379074838,1.0153980548171126,1.0146793170923467,1.0022446376670697,1.0124820455180825,0.9963069468323109,1.0023006227432443,1.0523631650763698,1.0379279469741782,1.0125939118671528,1.0181525369224242,0.9668013035827835,1.0573436665207425,1.0111144330836077,1.031441828210146,1.0269985231690721,1.0089547000680392,0.9864800830662903,0.9997740020852389,0.9725214884086768,1.0751782342674523,1.0418975024740913,1.0365622159423529,1.0264752784560502,1.0260381959620708,1.0367338195613207,1.0392994305558971,1.0266345940396324,1.0379050882144933,1.003932529556732,1.0075858916514508,1.0186789444604616,1.0193683945787908,1.0147845661080197,1.0252296800185847,0.9883757098609207,1.0080151103620978,1.0447330936966654,1.0181266002649294,0.9970192330021507,1.038200426087736,1.005708213704902,1.0081776269436453,1.0499846683088085,0.9933527112598353,1.0213662058984037,1.0135946299239385,0.9492141499217991,1.0912069473172124,1.0437321524502978,1.011617345583519,1.0137915234307997,1.029492366973695,1.0355546224051921,1.0204199998244732
2026-08-07,1.085573581038539,1.077460677037948,1.1134860725771218,1.0887905994047617,1.0421031717048148,1.0660282859594126,1.0527672744161454,1.0648658522292334,1.0524766468797377,1.106706909091831,1.0870493755521338,1.0684716538278671,0.9036308324096981,1.0095660672188682,1.0398971856368928,1.0488226174314323,1.0366151315266197,1.0283640278805464,1.0298438268956311,0.9830858154867063,0.9907406615693791,0.9979909420922305,1.1030337213444261,1.1538513746415728,1.0879556594363364,1.0515631659827327,1.0535687920766184,1.0368749794907606,1.111109317060061,1.1497527628119877,1.1187876795917775,1.0736785740240395,1.025965525969679,1.1175747201457074,1.0909576387652289,1.101868727183861,1.0862037543255885,1.0854203863075065,1.0785622460916686,1.1012971889473564,0.9101999005241652,1.0512984634828908,1.0473899782391247,1.0251773776921504,1.051373823114498,1.0297974607831408,0.9994267688032278,1.016961113520094,0.9821577615718023,0.9207189760793187,1.1734240114975119,1.0876279840115757,1.0826567168326382,1.048233579089077,1.0491612322625725,1.0362565894411309,1.048949217421474,1.0686305671075604,1.0851908902621874,1.0521881189037747,1.0411355657951842,1.0525961012879141,1.0636944670883222,1.0497121012937287,1.0552191593634717,1.0380325286480523,1.0457808781751703,1.0505005504195102,0.9590239306972287,1.0191477802615496,0.9949224303990143,1.0759905612528213,1.0973671681129913,1.0647656685637454,1.0540087979725437,0.9667351874518507,0.9495236986882437,1.0120657031933034,1.0592519922132704,1.0385344007134665,1.0361370097824345,1.0353016186667117,1.0400087880196605,1.044901627952796,1.067776644236937,1.071853237143954,1.0767695705157259,1.0507010870086695,1.020720058363511,1.0573217961235293,1.0297244030015609,1.03464370002228,1.0299769117402673,1.1047870928936099,1.1042742753688772,1.0316668067308197,0.9058948350947571,1.0216485338027492,1.0687892327953055,1.0587794212867305,1.0270713402628089,1.0191437334160212,1.020568583087931,1.018414692514302,1.0031410659478186,0.9594184472609562,1.0980880698493387,1.1075636953432815,1.0690810209877877,1.0494116169734424,1.0554389518202305,1.0403178832411761,1.028924589533813,1.0321677512895524,1.0646009216402812,1.016540046813777,1.0190713113716587,1.00510661914859,1.0176220302734298,0.9974969400293616,1.0063066164495407,1.0559631646812186,1.0385299439462818,1.016383913033667,1.0233325215066436,0.9763952827338821,1.0561256657097644,1.0104384413595506,1.0427418078800208,1.0323925285654156,1.0129927049126086,0.9827880650553257,1.0108880122115786,0.9719814721787311,1.0687882410855898,1.0382854986476984,1.0345962047849895,1.0274372750068836,1.0264161968849068,1.038499820248529,1.0401514264494316,1.0280905912792833,1.0430090799308314,1.0074025181142823,1.0119878879176394,1.0200109415162752,1.0241603864441602,1.0182505545474667,1.029331676153452,0.990831706341495,1.01225710912418,1.0481190866004007,1.0271845745908885,1.0016612259306747,1.0425944206904731,1.011932206620394,1.0066696350271667,1.052514670315397,1.00155671867924,1.0244702133390213,1.017290628497518,0.9608501512538672,1.0992829487787739,1.041202171034977,1.0154893357950014,1.0157115194202515,1.0308763613913376,1.0349586234989736,1.0197159981178898
2026-08-10,1.0940466838206955,1.0940540556636724,1.1345673347613847,1.1136384237146648,1.0626466246627293,1.081776389088776,1.0715127893656944,1.0872846102701206,1.0712052185379222,1.1105420938231598,1.0908070963063272,1.0813805751978691,0.9124993823025241,1.0250217468719083,1.0449512125557303,1.0586030598686829,1.0434989402077601,1.0356024858596693,1.0351333308284785,0.9854642485457555,1.0009878043941915,1.0011576989516253,1.1097074131129114,1.1611767072566623,1.1004205378081722,1.0620107982241636,1.0613293422009193,1.0444233464456192,1.1234368656657725,1.1655504729755204,1.1347890728735517,1.091301104805492,1.0442720707906847,1.1325085606288814,1.105434975054236,1.1193886718261163,1.1052380002771858,1.091763399558365,1.0894364392150504,1.1246018495040684,0.9150639077932372,1.0547095527605597,1.0565930291964483,1.0334250129814555,1.0561773382084525,1.0361515759577073,1.008537649579425,1.0269963931600605,0.989052148050146,0.9258058031044122,1.201888411232307,1.102912831694154,1.0950593596960654,1.0572507033758627,1.057957451768346,1.0440196106480522,1.0574156261333734,1.079410950833887,1.1018293847953162,1.064032709594534,1.0522197587152733,1.0627304854185826,1.0800189669784017,1.0621365294028402,1.068316422987084,1.0497719554257225,1.0572267855866733,1.0650071550426383,0.9629437716190548,1.027472222866754,1.007546957977741,1.0916011891788047,1.1009339884853178,1.0755599753226242,1.0623772868668617,0.9685711781868063,0.9525956068123357,1.0151889560911422,1.072886800132985,1.048503556495948,1.0467547139039814,1.0465826713913127,1.0508898509471831,1.0536605271170008,1.08106331088753,1.0856666389603193,1.0885536601852532,1.066744259062235,1.0323568341644394,1.0711251985809758,1.04125913840764,1.0506539789870177,1.0413009856565418,1.11165511489571,1.1173897909838406,1.0378259812565822,0.9153226123397742,1.0288065737996497,1.0772189547189661,1.068285775410228,1.032521035477191,1.0302007439810428,1.0306122935726414,1.0285214049577303,1.0142467096405192,0.9623148600409872,1.0961472938066892,1.1195021569001282,1.0795725280807136,1.0602848589495644,1.065069470550277,1.04757065101937,1.0354468175740286,1.0413315702567287,1.0786915054579433,1.0292855637281135,1.0326967263427533,1.013688129310198,1.0307145734766503,1.0098388913696617,1.0199456094433044,1.064753487383399,1.0452941246587524,1.0291822853438042,1.0307234636696923,0.9866496520645244,1.0662273467122758,1.0177515652828886,1.0501308729671834,1.0383909188924665,1.0246279130952871,0.9872612582114974,1.0169158822566073,0.9790580208859962,1.0775911809122392,1.0443004855421854,1.0415812567273957,1.0346876863672583,1.0346248654578634,1.046177353097748,1.0512221316467583,1.039811492946464,1.0580841613246355,1.021045121714455,1.025834840716118,1.0313287563661366,1.0385714669099515,1.03196394301274,1.0429904683012066,0.9996499585067063,1.0186506364615544,1.0619662845179836,1.038999329134577,1.0062971886871441,1.0515545030757254,1.0216291461699083,1.017163474499483,1.0611245277755172,1.0047712211621573,1.027254881956775,1.0243871716508979,0.9681338722624632,1.1076229445416372,1.0525778284624274,1.023071966144522,1.0236457508928132,1.03955940103644,1.043475618726884,1.0242539965949482
2026-08-11,1.0872306753351648,1.079294056388885,1.1153173520995603,1.0922884253042866,1.0424926249930366,1.0679263895883273,1.05430080687323,1.0672066144635997,1.0517572210117287,1.1051860782960563,1.084183083502792,1.066252560799988,0.9014793990761029,1.0163897544723068,1.036613222353929,1.0525930558391539,1.0378469431689443,1.021204503426797,1.01748534168569,0.9693102627533691,0.9920998092543618,0.983593704831833,1.0851553635419942,1.1436626683988604,1.0921085273979705,1.0546587981083664,1.0549053456516735,1.0377833494864321,1.1045548484593781,1.143008461640131,1.1104010782591143,1.0731471121896425,1.0275340758598037,1.1114805502352034,1.0825389832273686,1.1010706806457224,1.0879020078476391,1.0892074032378694,1.0856464505396681,1.1034398499135663,0.8984059212663048,1.0534515466871068,1.0530870398875523,1.0339969983972286,1.0484393314156164,1.0279355786833673,0.9996396426481662,1.0111683891703884,0.9822841506182282,0.9112078155886529,1.1701983853018023,1.0899808081361557,1.0904213568205254,1.0526287035507882,1.053107454437974,1.0371156159653803,1.0538096253930056,1.0724889476722939,1.0889533877542252,1.0505507178312825,1.0406837724119713,1.0567944840095003,1.0683229718734533,1.0496285397351153,1.057508439723628,1.0400339577477298,1.0480247867514922,1.059751157176733,0.943949770611811,1.0254162251135186,0.999952953438141,1.0808111996000986,1.0873679785140198,1.0628639739549883,1.038191316209996,0.9587531720085052,0.947161615565139,0.9996029555424167,1.0781247933803177,1.044863550562486,1.0409467167059463,1.0371826752826023,1.0447378591300125,1.0449485334571247,1.0703652951814853,1.0659806254710784,1.0737836511628494,1.0533382458048417,1.0209688268202457,1.0513371849398883,1.027873130372049,1.0379919667845834,1.0303809793268612,1.1068071194494997,1.1105718095169568,1.0317759590389775,0.9003746259345385,1.0221985761685977,1.074434963948465,1.060765760352604,1.0279850481678972,1.0176407416191844,1.0156402984594106,1.0176294057632025,1.0091507076145487,0.9494168611516576,1.0888992698645854,1.1113421301168054,1.0746285205149122,1.0538648630396268,1.0596234801825604,1.0405826535681166,1.0249388139333424,1.0311535690988263,1.0575575092929388,1.0088095625081641,1.0188887215008138,1.0041661282205636,1.0104365769036459,0.9892228895741575,1.0061696052378764,1.0514874832835233,1.032066139091638,1.0148702902283167,1.014861470764381,0.9784096322662407,1.0623853521916027,0.9984735596956447,1.0327068750034514,1.0222609230366293,1.0164279125679812,0.9761172514491915,1.0090078823974398,0.9676380343129463,1.0735652095738177,1.0366804948989026,1.0312752476514093,1.0246836919089426,1.0255548706916717,1.035231360422232,1.0401921359842672,1.032381496189353,1.0508121664371568,1.0185311278716418,1.0222368380508682,1.0241647599876762,1.0317954726876333,1.029579949746415,1.0394064663064668,0.9872999746963008,1.0089626447586482,1.053376282426303,1.0275393505031092,0.9981532025895776,1.044716491367021,1.0146191610863966,1.0027934744049232,1.049352530939962,0.9932672299808215,1.0175288672234957,1.0101251633906294,0.9574478921992724,1.0941569606157684,1.0455398448339797,1.0130259642127735,1.01389174941982,1.0312474078962037,1.0331136185722127,1.018704000522415
2026-08-12,1.098758698417245,1.0886660751332917,1.12439337029037,1.1011704461118452,1.0523086338481478,1.0766244080575478,1.062176822280238,1.0747186307275631,1.060705225601906,1.1124820830190094,1.0900130899034188,1.0748705758030994,0.9071953868981274,1.0169457549520333,1.035983228457649,1.0513010534513012,1.0376389337537453,1.0217144946627919,1.0237653417862376,0.9699242574349994,0.9981357968809954,0.989227686953328,1.1012854158492205,1.1641087192815525,1.0950985358768464,1.053362802968206,1.0536933524328729,1.0372613498418994,1.1177288657669049,1.1597684885848316,1.1257430932561292,1.0853131170736106,1.0357280780004945,1.1276945771281086,1.0974789950914332,1.113324683787737,1.095916006782432,1.0897154119422827,1.0810364525183085,1.1156698460613519,0.9080259109767146,1.0503735542151542,1.0484470381329223,1.0299210065261974,1.0447393344340854,1.0289255836037388,1.0037236549231434,1.0127223911876202,0.9846361508549876,0.9110197958138151,1.193496409988015,1.101514834363827,1.0940333717922375,1.0509787097748968,1.0511134586133082,1.0362716134128858,1.054565626039973,1.0755969552159905,1.092663386760456,1.0592007162231802,1.0532757648785744,1.0587584893710433,1.0706469696815992,1.0570425362097107,1.0673224295966188,1.0381479719271833,1.046818795865023,1.0662351522040916,0.9474217628085742,1.0246662235718196,0.9969409468702096,1.0821832003620768,1.0874559717424366,1.0704079675500424,1.042645301260715,0.9643691717112028,0.9485116120180321,1.0057529541279302,1.0697708059325832,1.0408195553116395,1.040284725080251,1.0353806815962583,1.043227858285658,1.044864535247024,1.074757318626175,1.0739186539637062,1.080631682647501,1.0600802781091128,1.0270668490998396,1.0591112130398583,1.0337571588932413,1.0442419975911839,1.0358769993998604,1.107629118469803,1.1090158028360235,1.0347319958853538,0.9122686032236623,1.0209565832714522,1.0695449790040013,1.0574617723967608,1.0273150406317528,1.016352739227141,1.019352299345036,1.0217714039654717,1.0113707087828894,0.9526888660576486,1.0980853032047686,1.1148481491566045,1.074390526361806,1.0534408654404996,1.0579974809848816,1.03959265555803,1.0271268356856094,1.0330575857539908,1.062679518478309,1.013333578184214,1.0207667378085201,1.005714143625434,1.0151105840162098,0.9935489038891865,1.0076656196046794,1.0540474921850764,1.0319581292857358,1.0186042966945013,1.020053461954972,0.9812516638994792,1.0643893585456456,1.0036935742079582,1.0365008799998587,1.020188919625289,1.0219238971499578,0.9747772427383925,1.0139858757361742,0.9659400343942102,1.0777211971536795,1.0388605012653869,1.0322172641377534,1.0288196959552522,1.028526874458472,1.0393313575207264,1.043956141190484,1.0349975053482556,1.054650173178566,1.0211651337801697,1.025702846154177,1.0268067683611324,1.035429478025871,1.0319939553115374,1.0429044736976205,0.9898739628264683,1.0077766475092351,1.056842299788505,1.0311693366121955,1.0031711894777136,1.0514024954131116,1.0125351700355874,1.0034274716265466,1.051850517131466,0.9982812269080014,1.0196048945688772,1.0105771576790656,0.9577358888380096,1.1078609541659599,1.048783823286765,1.0171399627718412,1.0156337544210483,1.0334994071906116,1.0353316205576237,1.0196099977840969
2026-08-13,1.0793806927209746,1.0648840736073857,1.0971613665264552,1.072400446729302,1.0252106396605247,1.0534144063275361,1.0369148196662552,1.046676633175221,1.0334152339672114,1.1001760711440414,1.0792510725975928,1.0541565800287807,0.9015133958085177,1.0096497535892976,1.0339992134003941,1.0449710528799274,1.031858956763078,1.017408495474208,1.0084073461529022,0.9642362646257242,0.9931958080580187,0.9821736982869571,1.0899693935634869,1.1405247020740448,1.0776385312968262,1.0433947967957706,1.0472333431175063,1.0305913495811307,1.1019848526319942,1.1374324780266174,1.098003087581699,1.055747120196937,1.0044420877652682,1.1061805672710832,1.070498991705852,1.0828686896203956,1.0623280202678946,1.0866833959878013,1.0783964372818118,1.0881518572678697,0.9042119188545825,1.049613550122589,1.045465026877898,1.0267150064741613,1.0418053331917974,1.0220935721304025,0.994981653422892,1.00244439601468,0.9775681468941486,0.8977758072401887,1.1703164117161717,1.0902668280380643,1.0831073642738245,1.0455107084349593,1.0468614593964896,1.030941614310729,1.047107624250353,1.0623669544419105,1.078505393413642,1.0398767251600494,1.0326737719858827,1.0469244897486494,1.057470975827778,1.037558546715346,1.0458824396478783,1.0301939505946638,1.0394307779748013,1.0514151688541455,0.9424657812612136,1.0194222331372882,0.99377696175972,1.0718651927155556,1.0794419876337586,1.0588619672551942,1.0376453141131392,0.956165174351079,0.9396036174600277,1.002202953305714,1.0627568154939644,1.0345435536187049,1.0313627163166643,1.0273586725109138,1.0365938563726087,1.0361105326749267,1.062379296215912,1.0581546307800498,1.0632496556374278,1.041602254658094,1.010776833687992,1.0432871897512557,1.017577133620569,1.0264999743703977,1.0213009850048842,1.1035271104210342,1.1054297847941574,1.0283599648903265,0.8969746240378156,1.0144125852681138,1.0661289666994775,1.052257783445033,1.024901035773647,1.004664741800074,1.0094143080072526,1.014759419706492,1.0075386934957198,0.9397048695189334,1.0912552766398624,1.1103821303402894,1.0660325221741966,1.0462808667411438,1.0528754784414,1.0342426575802666,1.0200128371183859,1.0247415870380747,1.050963524167545,1.0013235753319065,1.0088467312591047,0.9980921455669607,1.0041785908224248,0.9815109015764155,0.9955696147486706,1.0452034942190513,1.0221001367680949,1.0094582996138535,1.0134174663073088,0.9740116616410478,1.0520813505250475,0.992475556109002,1.0243228836024818,1.0166109132491372,1.0118998953722154,0.970441260943076,1.0001798767898191,0.9597980275893491,1.0829671999877093,1.0381805150291996,1.0233612626806954,1.020335701741968,1.020200878724556,1.0283833580966117,1.0333601419371483,1.023813507907351,1.0429421724063752,1.0082291329488327,1.0148708483822446,1.0159867716904387,1.0243114776790796,1.0190999549873176,1.0317944754374002,0.9864559697041875,1.0059986471508913,1.0460922960897958,1.0171893434569363,1.0020072002865237,1.041636492067238,1.0106571619421891,1.0013974751981234,1.0409625233643243,0.9936212107740352,1.0102348794267797,0.9972451699356479,0.9459398910903468,1.088594969792348,1.0366638394622039,1.010025962614361,1.0070917536996664,1.0245574061248819,1.0250676178911813,1.0147160004965223
2026-08-14,1.0926206931387639,1.072482065769846,1.1002633610876287,1.074882443799209,1.028256629786807,1.0610343979974974,1.0401608144989882,1.048782629891218,1.0360972233862793,1.1112380794829375,1.0879090865000733,1.0614325709407675,0.8982953917863888,1.010449750841372,1.0289252224533334,1.0429830468938255,1.0254829382942747,1.0142284967100648,1.0044973398751178,0.9573422550853617,0.9882137895233175,0.977053694997083,1.1140674005129982,1.1570107013995727,1.0848465266141483,1.0458107949486883,1.0457353442482697,1.027835347070974,1.1127408469163826,1.148816474616269,1.1048930800451935,1.0601571106580663,1.0064020761276542,1.117820563237125,1.0778769839680102,1.0882346786374306,1.0648020067164525,1.0891913969651186,1.0733404399781905,1.094637849299029,0.9015059078553054,1.0448395582080012,1.0394230294289317,1.026795001432618,1.0391213358150009,1.0152255765881737,0.9897716493257153,0.9956423721019098,0.964928149387798,0.8928878003482196,1.1985043936481539,1.1026628082581325,1.084621351995572,1.044214707200263,1.0454374574694696,1.0276796133865054,1.050699618372096,1.0663329431913375,1.0816053750993426,1.0437527082068117,1.036521755176369,1.051862476583936,1.0597889583864337,1.0398965291607698,1.0474984215265872,1.0279799531495681,1.038506781692996,1.054847143291128,0.9417457694067827,1.019236206521331,0.9904529536258767,1.0682532015185013,1.0828099650965632,1.0534539646302978,1.031909304642774,0.9470451584971391,0.9318395980880485,0.994412940660584,1.0636248019328798,1.044099544959877,1.030292707479904,1.0247686680791215,1.0359678580349985,1.0334965320920915,1.0702952867770668,1.0676986326346587,1.0702156526232536,1.0443622579873886,1.014116833537144,1.0529911911124836,1.0234191303427327,1.0283899782386863,1.0236469842747011,1.1046611158200925,1.1000357928258273,1.029383970079204,0.8925466135582062,1.0083245655516213,1.0603029681172558,1.0485777602380835,1.0190470465607027,1.0054747480919406,1.0099242912580364,1.009849402370233,0.999808705607222,0.9382048636004582,1.0979072643921393,1.1136761266391388,1.0676645209739246,1.0440268610518668,1.0504934815027167,1.0291786525734294,1.0167248269436366,1.021391574053974,1.0457875166049415,0.9983215697533804,1.004618729010365,0.9948501324267616,0.9991245833114609,0.9784708968516667,0.9910196135270731,1.0443034953752137,1.0215921448736338,1.0052182892566923,1.0155554743933377,0.9751816492715307,1.0484333428389243,0.993137557591253,1.0217668723524762,1.0197009108125008,1.0110699006265549,0.9687612481108049,0.997127873510012,0.9532160197200639,1.084431172580856,1.0342184860764505,1.0209292524385807,1.0186996997600568,1.0178788746572434,1.02463735325334,1.0285761411435441,1.018713502807686,1.0374321592546734,1.0035871191098382,1.0070328363060004,1.011218765763025,1.0191894650726738,1.014757941054931,1.0241604642385962,0.9830059696204273,1.0039586601039892,1.041778285019545,1.0114673271281538,1.000443198219378,1.0386624971589586,1.0101171540103506,0.995165455545455,1.0401405164472652,0.9905952214587992,1.00678887018221,0.9978971650574883,0.943315896689088,1.0814389664561248,1.030867853326527,1.0035499660838039,1.002619756622527,1.0203534053968377,1.0221796155054705,1.0126439985165059
2026-08-17,1.1189243225181325,1.1002024309328973,1.1271089197904811,1.0987492788296882,1.0492968306444883,1.0879020651032714,1.0656764576879738,1.072047888324854,1.056716194776804,1.1276401185243574,1.103609036741975,1.0812199836242216,0.9066977783957054,1.0135780248415975,1.0340353387677446,1.0433093701497247,1.0247757395938784,1.0226109262898204,1.0161056825688448,0.9610195455951143,0.9972388274660812,0.9879621116043426,1.1386045795004747,1.1761808460248233,1.0987349288746224,1.0522286744132878,1.0504257964945094,1.031498028193462,1.129713373440383,1.1689588662085724,1.1228977272485543,1.0757862992632112,1.0222269240458903,1.1373670447597297,1.0949559510206055,1.1044631711410178,1.0811799959040265,1.0991489747307297,1.081391900176012,1.1123675374050592,0.9148635971265926,1.0457263369786978,1.0407762799088807,1.031506171079787,1.0486547015587808,1.015647115708777,0.9937992143931351,0.997757070016614,0.9719358899408949,0.9125577805098416,1.211703273583589,1.1162651439575235,1.0912054105230289,1.0478953143087846,1.049794668459217,1.0308139302551513,1.0589391031278312,1.0773385261490196,1.0942579378311703,1.055078200969447,1.0527184652188277,1.0655185453412894,1.0717355205750365,1.0511596009513475,1.0637027526640404,1.0418986715305454,1.054006593019681,1.0708509632882215,0.9530973034997843,1.0236063206165873,0.9925677703580186,1.073943846564767,1.0877380736016058,1.0589836000652435,1.0414943228273397,0.9566218601877966,0.9382651840531132,1.0037453320523833,1.0832250619636377,1.0529167087356235,1.0367298701771706,1.0294651310875083,1.03999653357964,1.0381514278074284,1.074279553350814,1.076666041376703,1.0832927599234274,1.0544512886917188,1.025248992761916,1.0623249505145202,1.0359536821205777,1.0383556891282586,1.034451162508057,1.1065005819514575,1.0990608651989306,1.0370809388671838,0.9039341221052437,1.0103250584630858,1.0612436958352804,1.0513082008972068,1.0197837769135756,1.0083282290059694,1.0188338445846028,1.0184105530487797,1.0152448025494336,0.951128271484561,1.1055020702698752,1.1147807389484103,1.0729357419680698,1.0473438027327766,1.05195742133318,1.0318579906280203,1.028491608823493,1.0311042063517086,1.0563732836773485,1.0103243159664548,1.017720076244473,1.0040016141654735,1.0089342449042813,0.9903204630873162,1.003282408413604,1.0536702556164004,1.0287151664071053,1.0147611086177148,1.0173793191463139,0.9884827169598948,1.0568473510210834,1.0042077183435156,1.0344763679140794,1.026744619342496,1.0145487155864563,0.9784652330575626,0.9988574098344373,0.9590731945092282,1.0794471430428585,1.0332843680177601,1.0290970063274587,1.0245592561261736,1.0220536616890745,1.0308832973681914,1.0388924902117533,1.028589465330986,1.0474911624599643,1.014261307744397,1.0220348551665464,1.0209836109078616,1.0286158639918836,1.025428129465106,1.0390952077064706,0.988457946464931,1.0132671540570957,1.0591524392013176,1.0224236243568683,1.002259196749519,1.0465943830650355,1.0142634731361266,1.001147186810606,1.0472825868426157,1.0027556795711676,1.0089653720748621,1.0021032918329924,0.9545529603860503,1.0945321234353524,1.0389193314537226,1.0096699370947682,1.0076199317538788,1.0255891013996359,1.0279144949754973,1.014917998651048
2026-08-18,1.1107363187884693,1.0934844373926411,1.1209089066364237,1.0921792702451711,1.04740881740893,1.0809780703707241,1.0594504453858216,1.0650878793680327,1.0546681797167847,1.1268481257433587,1.1030570444078327,1.0750839822183684,0.9027957882802201,1.0155080399168839,1.0380313640901653,1.0448773657192114,1.0244497363524308,1.0254369304589346,1.0105976796377347,0.9553415274504751,0.9946848169811798,0.9818961110800749,1.118564584155692,1.1620508639102152,1.0998429237715142,1.0543326782767024,1.0519738072838816,1.033400035003615,1.1305213762484252,1.1670128857940496,1.11810573854013,1.0702483055783265,1.018166932609417,1.135399063667083,1.0909619621268811,1.0999271786857672,1.0777980060439791,1.1003049651821468,1.0822778901597923,1.1131675541352424,0.9113036078734835,1.0477003524631625,1.0473942757183927,1.0400261774861763,1.0527666876608277,1.0096951367832743,0.9906012192082094,0.9969750689389126,0.9653738809773723,0.9059097837968032,1.2227332991694546,1.1106191368981209,1.0951614113789254,1.0518033171853123,1.053888673797123,1.0331959327016733,1.0600491095264974,1.077266521169398,1.0904579237963337,1.0526121799933061,1.0464404525531874,1.0649705384178731,1.0688455064179914,1.0498635782923682,1.059230735635886,1.0411546496699062,1.0523405750710533,1.068206945948005,0.9391353040276021,1.0266923243745396,0.991895769339312,1.0741338524422097,1.0874860665409727,1.0582955896418524,1.0397363044577386,0.9540218609495437,0.932895164793418,0.995123335684448,1.0906990380257124,1.0574607057393945,1.037701866398661,1.0312371337067976,1.042138540278678,1.0407474333543285,1.0715115658043726,1.0737580603613377,1.0774387865087072,1.0482153087082742,1.0190850058513161,1.0591429703183082,1.031437708108067,1.0333037093003783,1.0295631749277347,1.1100425764019013,1.101462861462231,1.0295389499011087,0.8962141312846338,1.016001071150735,1.0638836923374313,1.05662620023937,1.0219197810296676,1.0095502187371665,1.0235558498768682,1.0176145519783362,1.0115968018591754,0.9471782744274206,1.0995840719813763,1.1123787356584725,1.0750457459311413,1.0488238079268297,1.0542134230153974,1.0328919928421898,1.0232355872151098,1.0255401921658684,1.0508172660936763,1.0065023015787817,1.0123360695706947,0.9987615991702404,1.0040082269480612,0.9869524482471181,0.9989504000321062,1.0502022501812476,1.0291611623339192,1.0094171026127692,1.015795320250473,0.9942587114294463,1.0612213768625574,1.0051617241923838,1.0345363747903464,1.028650600263259,1.0142907103483538,0.9799872549260806,0.9945533965068118,0.9614392019473145,1.0746831186805486,1.029464338095468,1.0269130020902026,1.0225592538342687,1.021217665170249,1.0300973002719946,1.0393904873868025,1.027707463560363,1.043239162811369,1.0109073004964249,1.0210768537665664,1.0201516090918474,1.0245998636531926,1.0223821218379092,1.0381512056987732,0.9840919456338478,1.01521515487104,1.0556184380821663,1.0252176141811629,1.0008871995157946,1.0512183951161276,1.015271473574101,1.0020932066133328,1.0382325884328822,0.995627670457133,1.006841361330821,0.9958592917172321,0.9511409559886345,1.0916961108490117,1.0396553139921234,1.0090359383919376,1.0068959362305225,1.0244211113626138,1.0276585018343778,1.015770000847541
2026-08-19,1.0568583257043855,1.0403184385712525,1.0736869172625905,1.048013274446696,1.0147788204135562,1.029500073561947,1.0151424576085366,1.0250898845354743,1.0253841843260687,1.1012221196057375,1.0785990381630484,1.0305519865510144,0.877955789808936,1.0145800320390346,1.042009354054035,1.0450253762086257,1.0257797390583963,1.0260549196664583,0.9977856672219649,0.9444475315480839,0.9709828256397083,0.955836115332829,1.0455605863461885,1.098730863425782,1.0786689333244535,1.0478146814663214,1.0502218052657089,1.0307920366285412,1.0975173863413148,1.1239428904718969,1.0695797416791166,1.0314063113123937,0.9895249281521471,1.092691068761445,1.0434419665098376,1.0593871857149875,1.0488520018851553,1.0866749891976963,1.0683879130524807,1.083641545101428,0.8767856023219831,1.0536343455800792,1.055212278477598,1.0412161648941252,1.0491406824102294,1.0013891165096611,0.9769152192518721,0.9857670760631425,0.9528958919980721,0.8832477924740355,1.170279279638728,1.0787851554845727,1.0858314215510683,1.0534833221751867,1.054862676473795,1.031201934322705,1.0426611189146178,1.0567885317762298,1.0632119370685467,1.0316041983119297,1.0141924668084523,1.0431085503401707,1.0444635199895749,1.0318935973947556,1.0324147529561758,1.0228566722200325,1.0326885958099026,1.0457389584916215,0.8967213129366739,1.0241463132151658,0.9914757712475403,1.0720098563572937,1.0625580727511794,1.0586915956192502,1.0331563068230716,0.9386998676466484,0.917591174297864,0.9590093426307233,1.0746190417867267,1.0432447068767199,1.0302658881011322,1.0306471428063944,1.0406365422007928,1.0385454325181618,1.0530395695133565,1.0485780599062995,1.038978778320683,1.0164333037377347,0.9931710014041014,1.0333549685633168,0.996327700401149,1.002879703416137,1.0049991691987699,1.106544582393476,1.096734858775459,0.9965729576929953,0.8633701280310727,1.015385077204758,1.0660517063375392,1.0625322118575604,1.0230417808959344,0.9981782398685577,1.0145818471994228,1.0097465450701275,0.9886928017550618,0.9258462686261987,1.0710381198213457,1.0920627525559692,1.0675697494690963,1.0456738115520448,1.0496254236661955,1.0276319909510079,1.0051196137676492,1.005800208288779,1.0304412893494084,0.9900523229833732,0.9915480881783606,0.9802336160514018,0.985800250850477,0.9719464699655626,0.9811344211790031,1.03756427055855,1.0255311787345347,0.9914211164998039,1.0057333061562326,0.9672627124891395,1.060171366794908,0.9893237331739344,1.0200643795715774,1.0095906210710115,1.0083327121290053,0.9650712481528738,0.9847974097908934,0.9509731921604192,1.0757311727541357,1.0263403861425977,1.0144330117995244,1.0105432614859045,1.0103816671070827,1.0216113023871252,1.032842503424773,1.0195994779767015,1.0314951718464662,1.0014133240728789,1.009560869785631,1.012437624254935,1.01406587430523,1.01372214583004,1.026905223195032,0.9721379633322541,1.001889167608781,1.0387184587313039,1.0190476146567864,0.9883772101028366,1.0429583905153257,1.0021834613263556,0.9874511994919143,1.007052590936871,0.974953677320661,0.9859073608867196,0.9769492852894878,0.9376569477445527,1.071452130001084,1.0340433403934686,0.9977379501362519,0.9966639376625134,1.0154591138814228,1.020330502707897,1.0141140007557428
2026-08-20,1.0530163266003394,1.0362904384886675,1.0697469162261852,1.047767272227232,1.0109568242027536,1.025784072892906,1.01228245381838,1.0261938799582708,1.022648186720832,1.1004681177029203,1.077657036323473,1.0331700012052587,0.8831017873883106,1.016156032242837,1.0405653581247125,1.0480533639245402,1.036291732533956,1.0296649230713026,0.999923678847379,0.9448115235899996,0.9725168208136057,0.9621681173647635,1.0507246140509765,1.1012648687296693,1.0747269297373194,1.0481006774174986,1.0535918010453154,1.0348560296428495,1.0991573876995833,1.1259608912767178,1.0698937448159789,1.0315643071397997,0.9911249298275183,1.0942630691324338,1.0440499686884153,1.0582551816403853,1.0510960028487053,1.0873989865785465,1.0687379104389205,1.0888035633963733,0.8858595930785212,1.056378339393043,1.0595042813140823,1.040094178307904,1.0485747071407696,1.0061771253223903,0.9789152116658666,0.9904710659933542,0.9609518908483493,0.8841697788070709,1.1687493460951641,1.0796651548749945,1.0883134194943451,1.0550513177751153,1.0571006725552505,1.0349839310135156,1.0435851127885325,1.0612585393976206,1.0686819539022852,1.0379582074725755,1.0184904685634126,1.047816557108578,1.0495115345097095,1.0379196045944292,1.0361607520149467,1.0243466709592555,1.0338485873457928,1.0483549695085097,0.902139310275602,1.030808323134494,0.9966197691701191,1.0774198594334532,1.0667240693324487,1.0641155968332139,1.0436803026734975,0.9379898684825503,0.9193831611644326,0.9713073374639192,1.0696010810791832,1.039962716309629,1.0353038659776443,1.0352331346018457,1.0447945346908576,1.0420654271141934,1.0620755496516596,1.0550920442871403,1.0398247631131734,1.0168052904138585,0.992732978694153,1.0396049523248712,0.9969856836534695,1.0029156894433222,1.004603146293374,1.1144065932568759,1.106228872234668,1.0028769347110025,0.8671141252047931,1.024469057575456,1.0781397108982829,1.0713142061471732,1.0303557605927596,1.002460219059317,1.0141918420823794,1.0191945389270933,0.9932488031784963,0.9268482769344123,1.0808460613300046,1.0997167353071118,1.0697177405570995,1.0491218036377588,1.0536434205183238,1.0328339893391403,1.008569599543613,1.0140121999769556,1.0393912793931208,1.0011643098640006,1.0028940808226265,0.9879916075204496,0.9945682403586779,0.9828164570259881,0.9935524140901122,1.0407662509730031,1.0341471672642082,0.997461103895839,1.0029473297774452,0.9704867201736975,1.0668173709175253,0.9900457032196373,1.0275623836052339,1.0062206177090927,1.0053607116780625,0.9685012351186176,0.9865714250525754,0.9527072105486393,1.0856291586105686,1.037790358439727,1.0190970033183309,1.0173292577999438,1.0154236675694088,1.025335297179477,1.0431085146348935,1.0344414879633002,1.044605181602941,1.0142573187025243,1.020162867614286,1.0267856330858882,1.0266838826661435,1.0260641406693038,1.0379272211662187,0.9796959566784964,1.0084391608452166,1.0519824619864835,1.031333614228656,0.9923832049234423,1.0487704088722807,1.0032794599015324,0.996107192800373,1.0065025960023013,0.9786896799684118,0.9847093704887551,0.9793632992607578,0.9422209598786457,1.0771821346494563,1.0404133464860987,1.0040739508793208,1.003815942502246,1.0215651095094205,1.023214494740646,1.0163859994299824
2026-08-21,1.081068319219554,1.0623664339704242,1.097048910298623,1.0712672664695075,1.0313408227075942,1.051670069193825,1.03797445073865,1.0480198767600384,1.0422401879231393,1.1143261326292278,1.0912070505097229,1.0532079931484157,0.8832137838252371,1.018932032915052,1.0390213480062758,1.0405533699297989,1.0268757336901737,1.0261889298697855,1.0001396759149093,0.939871535266451,0.9705728200970588,0.9633521223888084,1.080944599435919,1.1290848751283888,1.085152930212342,1.0532366782342326,1.055211803267332,1.0337660305474945,1.114109381921156,1.1444088889943425,1.091197746646062,1.0494983079346643,1.0070409356043897,1.1128190665976585,1.064461970962527,1.0771251807498006,1.0677140099205666,1.0977609731279212,1.0794338982294214,1.1064075489505603,0.8853395988418188,1.0557523456715472,1.0546102722173472,1.0343481677028235,1.0521066898621736,0.9986331340795849,0.9762092100955019,0.9868850711766621,0.9518978990003513,0.8858857797746468,1.1950672551543744,1.0976411466742853,1.0967754080209093,1.0568553182609897,1.0579026756497367,1.0332719293595332,1.052979108261735,1.067286525062115,1.079913935619674,1.0464301927603457,1.0314704624751123,1.0533205427728847,1.059863518785243,1.0457215919943044,1.0480427465229913,1.0407446733466645,1.0562106003169323,1.0597049578358784,0.9027632944405238,1.0275603099273172,1.0006157645444207,1.0773518451711335,1.065864076949126,1.064285592804388,1.0414023009240487,0.9311058766598254,0.9130271714582813,0.971215336784316,1.094237048593399,1.052300703382888,1.04052987561998,1.0372971327388443,1.0480165383403746,1.0420814304284503,1.066673556073395,1.0637300481462353,1.0550847681761697,1.0290452888353843,1.0045549875327018,1.048406957009117,1.010749687977669,1.0142576878109184,1.0148631555578074,1.1161165794812782,1.1052648612453202,1.0108389510838516,0.8674441144181251,1.0227950607497822,1.0778817058910632,1.0623762029407573,1.023393775685475,0.9968702233023231,1.0156418518368255,1.0200445467622143,0.9930528013435956,0.9325762712836524,1.1012281225282208,1.1063867442835975,1.0722537394378147,1.0502318057743756,1.0534814175454492,1.028975991225073,1.0087675968805079,1.0137421967060931,1.0409232721010955,1.0075563174029611,1.0089000835086253,0.9874676040147193,0.9955542342433743,0.9890464649261353,0.9987444162210928,1.0408622517110062,1.0304391647341662,0.9957471114689438,1.0050573220368604,0.9784107152496803,1.069431380996907,0.9910277188254089,1.0348003708068094,1.0059066154154308,1.0036527045199508,0.973199249694964,0.9857374050271811,0.9535232064260369,1.0742011430081533,1.027888358667436,1.0193690036267353,1.0168492546948524,1.0135516632529376,1.0243152974094216,1.0419965011325154,1.0331154796207775,1.0436071753959004,1.0123153104487255,1.0195268560448523,1.0254596251397163,1.0253258768598517,1.0241321322816521,1.036745208998651,0.9794999520915793,1.0031871596810866,1.0523404577646052,1.0317076073211189,0.9909672014960961,1.0507983981824243,1.001509463191803,0.9970811900197025,1.0132625813740186,0.9827236746785497,0.985659365137866,0.9828072782841724,0.9431829461594349,1.080060141540822,1.0383673481249875,1.0048319464284954,1.0026799412856477,1.0210451132193734,1.0210485038494188,1.0153879994021489
2026-08-24,1.0688061435382334,1.0475566403150012,1.0807658911063653,1.0577529120539158,1.0179039383159643,1.0378341071219435,1.0238496902452594,1.0354125047341702,1.0293127869398226,1.1094394171742,1.0864355927257137,1.0415080214883539,0.8756525084098274,1.0294942450071423,1.0403793321929073,1.0445451469841038,1.0350428789398938,1.031165926159913,0.9885422700769626,0.9348837139828656,0.9679939982848508,0.9525336587918332,1.0598679865549188,1.1068420015291986,1.0862699016086894,1.0594921160167532,1.0608345515910815,1.0355788300691948,1.111338383641413,1.1374827741830869,1.0787604001941427,1.0354321628055578,0.9962652006614743,1.1063718321844282,1.0529983355005093,1.0630533766953847,1.056604665762672,1.1101534057003384,1.0916830090080258,1.0993024649987122,0.8707508391693143,1.0664864806205037,1.067302024599234,1.0415777936871158,1.0544469196769548,1.0004006605423084,0.9751075582534047,0.9818314720450374,0.9447532604390464,0.8797149496948623,1.1863521784128084,1.0928063696812769,1.107523863432746,1.0655538490365806,1.0662293659787354,1.0363171994276403,1.0528573587296313,1.0647039339228397,1.074237487234298,1.0486074460623123,1.0331408339169503,1.0507566214914466,1.0552001194471172,1.0488185689902247,1.0523124489306344,1.0357282440680164,1.0543411476442954,1.0556956654966907,0.887344740615461,1.028233918261431,1.0062792149303876,1.0845227481801327,1.0642336486673094,1.0686643643395954,1.0307343172874028,0.9196513692459505,0.9063369359787276,0.9588278549691905,1.0872589405456818,1.0516635733666297,1.0446291115419828,1.0466444222202655,1.0543922705904791,1.0450275080085436,1.0706315141602267,1.0650425707024813,1.0523039525999442,1.02008408039909,0.9969777784889016,1.0483433420275963,1.0075696653194475,1.00523549997387,1.0059907716595702,1.1216012629465,1.1046579131871244,1.0095085384978961,0.8543245830379467,1.0287546410850361,1.09015090284869,1.0673255987353356,1.0271343791325065,0.9984294627854072,1.0129000918129931,1.0159391099616935,0.9818490343474656,0.9237352593287829,1.1035275453307076,1.111830876402946,1.0787229441062678,1.0553697853866433,1.060199972930989,1.031860090260507,1.0061791037850891,1.0129456808747033,1.039374702162981,1.0100070097042,1.0074439907373192,0.9871074138445372,0.9951121382474134,0.9923227833986668,0.9983964233724978,1.040323769850104,1.0296184850985362,0.9953732232787111,1.0004152062767138,0.9718872420597058,1.073480636873763,0.9798765132174124,1.0378697756171658,0.9960039650756732,1.012949796281562,0.9697844054517387,0.984763877803108,0.9546721275496046,1.073635481439553,1.029890090755656,1.0189831152057984,1.0165200400637142,1.0141612289414792,1.024186018023036,1.0470610649419256,1.0371774851910274,1.0459484212608035,1.016412934054391,1.022608467824467,1.0299633775383934,1.0285131240276681,1.0290175810080613,1.0405208215166273,0.9754600360798316,1.001600187109109,1.0524926774151089,1.0326381049992874,0.9942445977056805,1.0547286955588338,0.9994796958884251,0.999788262434667,1.0077238058644697,0.9725616389667633,0.9775846582608905,0.9771733860626463,0.9377166863019576,1.079646914628537,1.0416439938118127,1.0046511839534076,1.0028490696184262,1.0228248029761995,1.0206147748210173,1.0169059987289355
2026-08-25,1.0695701579888095,1.043496653104664,1.0754098926051263,1.045934912677426,1.0017719381432382,1.0338061184336902,1.0188416902468223,1.0245945034737374,1.013510784159658,1.1168694194070454,1.091965590338907,1.0394140089998871,0.8779845229426608,1.0263502439263148,1.0366233472887907,1.0460451573732397,1.0330948736016428,1.0311379347180272,0.988400259933437,0.937697726203674,0.9725699920093819,0.9517496624437688,1.0938599911222158,1.1180900067664987,1.0843759036657592,1.0550381160480022,1.0585685527155475,1.0335708266219474,1.1037583808886977,1.1259067800632032,1.0703483973968497,1.0288641528437381,0.9856571847433078,1.0950938359836078,1.046388330968697,1.0564793646621866,1.0449566476105594,1.1092694094761493,1.0910250119997784,1.088982451200806,0.8652668510436593,1.0643084759873052,1.0674760082656223,1.0409017863958998,1.0516049396671063,1.005672668226079,0.9787115516986196,0.9878674764304661,0.9473772523404717,0.878270955996398,1.180588198229629,1.0942683751555002,1.1034238622923793,1.06487984721124,1.0643133610671225,1.035745193887719,1.0486033671866946,1.0574539359101929,1.070585481428713,1.0423534415217324,1.0289588366499702,1.042942625216093,1.0514521146479205,1.0424825652963137,1.0460944522605367,1.0407082444711138,1.0582691408253497,1.0528036544743862,0.8853067510256728,1.0275599362485681,1.0028172124956392,1.082236747599072,1.0683236395486804,1.0693823689207564,1.0304823165308847,0.9216233655675685,0.908880936401302,0.9617398620922857,1.0911489228050593,1.0503175758385077,1.0438851137488523,1.043844424038628,1.0523182670408178,1.0422955030663579,1.0669975212752203,1.0586145746624183,1.049189958680644,1.0135640856100065,0.9873477763142051,1.0420593465782653,1.0033056717460942,0.9982535052704058,0.9978547711568373,1.1230492505174428,1.1078399101918228,1.0046665287364205,0.8498445980471141,1.02691265788876,1.0853068939532133,1.0642775927306232,1.0246563722859328,1.0010574552265057,1.0106660732917079,1.0154091226281627,0.9834750392978953,0.9218512545209703,1.112693563388256,1.1160668837354708,1.077304940733414,1.0543477837142472,1.058989969134009,1.0320900864049685,1.0064611029326058,1.0108756749283765,1.0361547013091224,1.0063130098166748,1.0024699918492852,0.9855214080697081,0.9924781372411721,0.9890367823730292,0.9932504237291553,1.040049766886249,1.0288204724810226,0.9948412084310178,1.00583119667499,0.9718032179825019,1.076006627022786,0.980324502870455,1.0354557807333469,0.9944499684188532,1.0122237962991185,0.9724824109292424,0.9879438807787898,0.951444116956562,1.0761874538059624,1.0347140861541488,1.019835103608485,1.0174960334175218,1.014249222198722,1.0229660143252888,1.0433510502740222,1.0315114696190155,1.0423424116454527,1.0141249227075992,1.0217564554678218,1.02428136156542,1.0251091135831187,1.026841568116763,1.0397628088662774,0.9766240406170459,1.0026921830075397,1.0483246679362757,1.0283901152996737,0.9922326057311457,1.05492869013032,0.9970336979759975,0.9986862616317012,1.0057358092053599,0.9737296469863003,0.9753686738654992,0.979597401118725,0.9425426828791085,1.0714848725007187,1.0350079813707556,1.00129118411922,1.0022950680212304,1.0215607998726204,1.0197487707545276,1.016431997745668
2026-08-26,1.0750401431332497,1.0510346424952814,1.0802878841627208,1.0511288988140335,1.0080619312211345,1.0414861101829884,1.0239716817678357,1.030426490518994,1.0204187786431413,1.124963425621429,1.0992776019373387,1.0422040202090175,0.8877825089605167,1.0322002558826184,1.041629355159103,1.0530431526066275,1.0415548791160665,1.0397899347987674,0.9951202609223907,0.9502657018145777,0.9817739902785785,0.969301654264964,1.0981239813001544,1.121803994182132,1.0905759021489791,1.0622021220274953,1.066392556769194,1.0424108342593996,1.112100377569927,1.1343407709680737,1.0766923966482511,1.033556156007512,0.990531189166771,1.1030038278594354,1.0525603311457152,1.0605433674285452,1.049798649954493,1.1161854134244507,1.097725016043627,1.0936624619243769,0.8816168463536568,1.0727864849509716,1.0763520208350055,1.047751790755351,1.061986929596616,1.0179506487066308,0.9877355492512189,0.9953894577069161,0.9586052535670174,0.8918569539741014,1.1758581952207137,1.1009103590817868,1.109689861404841,1.071831851354733,1.072847360593826,1.045777197916839,1.052415373254877,1.0606739521543918,1.0727895027587067,1.0462754572874515,1.0308888481524192,1.0460226391524818,1.0535961338556121,1.046250579162478,1.0482364632919214,1.0465582419190826,1.064383146698018,1.053765678013201,0.9033487438317602,1.0328519355252594,1.011207224697025,1.0905847503507897,1.0753776358010083,1.0777843565884333,1.0436843041115171,0.9308373615203478,0.923656929715013,0.9775338607914257,1.097704950359987,1.0561415865194268,1.050489103637146,1.051092426907196,1.0586742715085462,1.0507295117058115,1.0729455144329048,1.0662645690804524,1.0564739496653974,1.0209200701675207,0.9943937703623055,1.0497133407852246,1.0099516622808968,1.004755489870402,1.0043107662776318,1.1286732681047618,1.1122739170386442,1.0121005166611616,0.857812594022212,1.0324506378368599,1.0907889030274385,1.0689556037761963,1.0326283723750573,1.0073234573880085,1.015426083683839,1.0278371199651306,0.9986970208612262,0.9370632560059333,1.1199855206990479,1.1222108698124627,1.0844709404032085,1.0620457815521318,1.0670599726808534,1.0408880905999354,1.019329091321761,1.025065664059553,1.0490106963146277,1.0169970046438006,1.0118959789358366,0.9993573974138562,1.0050801329910395,0.9998807786197553,1.0024244113859269,1.0471817774276246,1.0341904872700043,1.007817208171978,1.0097352001834938,0.9822272282037164,1.0821326402714873,0.9856005067491027,1.050091779953504,1.0002019489227827,1.0204578033757388,0.9795384046607607,0.9932598659060436,0.9575121299802056,1.0863414563957248,1.045428080224344,1.0279411136173093,1.0291480399237496,1.0253332278688996,1.0333340136049354,1.052981066319364,1.0423834848843792,1.0527744254864038,1.0237749395157498,1.029466483523879,1.0350913772631039,1.035315127699452,1.0364715861269682,1.0476808367866732,0.9884460317137774,1.011662178383341,1.054486684593204,1.0348381231686534,1.0069746052251334,1.0643806918157441,1.0066136992791181,1.0042802676661635,1.0117277878490711,0.986503637829079,0.9835846545807806,0.9919433834425002,0.9497127006743525,1.0812228701751938,1.0445599866355157,1.0135131912564634,1.014197069103234,1.033514798075449,1.0293987693143591,1.0206959986442563
2026-08-27,1.0900441599067379,1.0680046620988688,1.0970879001037703,1.0620089230491352,1.0131919448214086,1.0575081283141363,1.0389836972596957,1.0394425124754865,1.0241847907953885,1.134535429676366,1.1069375983034364,1.0550820320873975,0.8961065102230662,1.0268082659239837,1.0430273585293384,1.0447291541344954,1.035326880147846,1.0420999303337293,1.0026962578796215,0.9528057273957228,0.9887859782465886,0.9830816623648824,1.146284000450387,1.1546360162766738,1.0960559088604607,1.0619281214903356,1.0665785522558109,1.0430348331570178,1.1232423920797645,1.1430787826252506,1.089340402035015,1.0474701554919057,0.9991411816443431,1.1117918397804116,1.0664783369171906,1.076319369055701,1.0605946453826502,1.1105994195007425,1.0923510221260824,1.1050204624525688,0.8929348390647632,1.0651404867375693,1.0706620178667172,1.050203792199147,1.0670169531827283,1.0200506605925188,0.9878395503941079,1.0000634807791087,0.9678232497620787,0.8994929612011525,1.2149122165920654,1.1139403878410432,1.1062698679600633,1.0687578475776682,1.0709553638256384,1.0463492001670394,1.0603053708755796,1.0695799463851212,1.0790615046310386,1.054617454730951,1.041344844644199,1.0549886338267256,1.0587641375364854,1.053300577989676,1.0547584605558116,1.0532582435403894,1.0684891514475672,1.0619136716068514,0.9153227288336253,1.0312999369540186,1.0068792203180805,1.0883507435166007,1.0836456434813735,1.0746643727598746,1.0519623238388158,0.9313273569249532,0.9268029290209567,0.9887338571265825,1.1200989115172448,1.0683295744664139,1.0501851125358557,1.0468724268850684,1.059142268802021,1.052589512367875,1.0741915208079351,1.0691965806488333,1.0656239605188578,1.0338420839839235,1.0023837785299283,1.053337351790076,1.0178396730568966,1.0167675033357941,1.0124687727510806,1.1289992610056887,1.117275915685859,1.0147045398001877,0.8647425877564068,1.0259706481467574,1.0831829074049424,1.0675455869964938,1.027544374515815,1.0114234455210067,1.0246520710859588,1.0275691067683161,1.00989302446489,0.9441332518035335,1.1289615715830332,1.1327168982387823,1.0815009400572,1.0607237878565685,1.0669459776942865,1.041178093207859,1.0173811068031,1.0258776833576222,1.050100704169873,1.0172530132692954,1.0106319859531743,1.0000514173016597,1.0058481416717913,1.0001087881426405,1.001020420072796,1.0465337819534428,1.0372464872314109,1.0087772181051102,1.0221892061078102,0.9893732130715307,1.08246464918553,0.9888525120737868,1.0582677726353171,1.0058579511264631,1.0198278101462022,0.982920409400068,0.994111883745414,0.9604781303388489,1.082273451523792,1.0400740931558137,1.0278031152794118,1.0313380378589903,1.026351226033275,1.0355920197075776,1.0499750594434138,1.0438854830633897,1.053066420446414,1.0252269234416307,1.0321884575993125,1.0368673754382485,1.035885123851306,1.0383535705447975,1.0505628130926459,0.986008022711278,1.0113301746004988,1.059290665199777,1.0407021183301417,1.006008612866883,1.0602746905117193,1.0062477004769705,1.0104842647584806,1.0255838011865566,1.000067623895735,0.9911286781256103,1.0048713933771631,0.9536086843765956,1.0865228595736034,1.0432039874403687,1.0137591843612763,1.0154010755721363,1.0329308059177869,1.0303167711313403,1.0210399999969317
2026-08-28,1.0864781535865227,1.066112647715192,1.0924538961698902,1.061020918081051,1.0137999414489614,1.0558721144358822,1.034985692619752,1.0385385092031774,1.025176788930433,1.1313454150343434,1.1040155959790285,1.0572400255574166,0.8951745112759636,1.0257762457892836,1.0465393499020375,1.0435891395242456,1.0346068706686378,1.0469299281335704,1.004986262375421,0.9598557249784908,0.9876919822444449,0.979857648906763,1.126742001189946,1.146836014169751,1.0959059074590465,1.064100116845182,1.0679665455352814,1.04613282916067,1.1220223902276785,1.1437567795604744,1.0868503946279975,1.0468641605776152,1.001093192200723,1.1119178370254683,1.0629363307697741,1.075009373845341,1.062778654870182,1.1076334069121287,1.089525009727332,1.1059924601884814,0.8940328436168498,1.0634384685266671,1.0741380163883887,1.0516697803315247,1.067566934526283,1.0238986570861293,0.98918155047719,1.0043854769347078,0.970403248264578,0.8967609509353128,1.197050197302656,1.1137823659697226,1.1074478591174024,1.068519847429043,1.07185135767272,1.0483491949423958,1.0692773860105975,1.0776359628129475,1.0809255158464355,1.0565014701226338,1.0422068545635033,1.063816649397088,1.0606681477681112,1.056104593217886,1.0560064704744887,1.052324249881558,1.0673791399273986,1.063619686023363,0.9116187398530646,1.0352379327053447,1.0102672061385523,1.090556752593342,1.0817176352104072,1.0761623523701147,1.0557903162988715,0.9337173756156237,0.9267249305310096,0.985267849441373,1.1213969510153476,1.070761596747552,1.0527231089195648,1.04763441682614,1.0603082607403775,1.0557115070726764,1.0767195151295197,1.0734025766824067,1.0639579562370454,1.0315920832955459,1.0017017799870727,1.0575213495642786,1.017093670031321,1.0150415027704849,1.011320773437655,1.1246692589436866,1.1090019176405077,1.015068516060882,0.8648185905729601,1.0269186492984497,1.0815328978066205,1.0638875935942502,1.0252823527433765,1.0125354403111133,1.0333460899267608,1.02684111607815,1.0084950253502527,0.9475612482735535,1.1278875293888708,1.129624876362995,1.083098936492823,1.0619437830132719,1.0688099682730356,1.0432860877810262,1.019929106047644,1.027493684322134,1.0522347108191474,1.0197710162423306,1.015161981883524,1.0013474177973987,1.0075881465624066,1.0024307887603472,1.0058184143224558,1.0489737800721497,1.0378784938405174,1.0114432160619227,1.027225203979484,0.9913312261048502,1.0856286335296135,0.9861985041400855,1.0532637828949387,1.0064119618279999,1.025939789261768,0.9847323987288477,0.9974558844599036,0.9691541214649865,1.0789434556341548,1.0420600962020676,1.0292511110879217,1.0333660374500961,1.0274692229076803,1.0372340134891274,1.0526590615105842,1.044531486745266,1.0525624233560673,1.022722926114657,1.0295344636433685,1.0372473783364342,1.0350991250963095,1.0356875721073036,1.0478548165792807,0.9806040356240528,1.007288182634447,1.0586386822591036,1.0509661280515803,1.0032626008123546,1.0619386886978919,1.0065237006321175,1.0074842573737437,1.0289797960031521,0.9991456409693276,0.9928546750196031,1.0095533927189009,0.9569766816622439,1.0850528941795003,1.0435179853760685,1.0129111833319038,1.0149050649933484,1.0332307974655082,1.0328847707793607,1.0232279971472287
